:020000040800F2
:10000000F02A0120310200087B350008E9300008A1
:100010007935000831120008173900080000000087
:100020000000000000000000000000007F35000814
:1000300049140008000000007D35000881350008E3
:100040004B0200084B0200084B0200084B0200085C
:100050004B0200084B0200084B0200084B0200084C
:100060004B0200084B0200084B0200084B0200083C
:100070004B0200084B0200084B0200084B0200082C
:1000800099120008A51200084B0200084B02000854
:100090004B0200084B0200084B0200084B0200080C
:1000A0004B0200084B0200084B0200084B020008FC
:1000B0004B0200084B0200084B0200084B020008EC
:1000C0004B0200084B0200084B0200084B020008DC
:1000D0004B0200084B0200084B0200084B020008CC
:1000E0004B0200084B0200084B0200084B020008BC
:1000F0004B0200084B0200084B0200084B020008AC
:100100004B0200084B0200084B0200084B0200089B
:100110004B0200084B020008293600084B02000879
:10012000B11200084B0200084B0200084B02000805
:100130004B0200084B0200084B0200084B0200086B
:100140004B0200084B0200084B0200084B0200085B
:100150004B0200084B0200084B0200084B0200084B
:100160004B0200084B0200084B0200084B0200083B
:100170004B0200084B0200084B0200080000000080
:100180004B0200084B02000800F002F800F041F8B2
:100190000AA090E8000C82448344AAF10107DA45E2
:1001A00001D100F036F8AFF2090EBAE80F0013F0F3
:1001B000010F18BFFB1A43F0010318478820010004
:1001C000A8200100103A24BF78C878C1FAD8520795
:1001D00024BF30C830C144BF04680C6070470000C1
:1001E0000023002400250026103A28BF78C1FBD840
:1001F000520728BF30C148BF0B607047642900F028
:10020000FD80002070471FB506F014FC1FBD10B51F
:1002100010BD00F01DFA1146FFF7F5FF06F0B0FA29
:1002200000F03BFA03B4FFF7F2FF03BC00F03EFA24
:100230000948804709480047FEE7FEE7FEE7FEE77A
:10024000FEE7FEE7FEE7FEE7FEE7FEE704480549B6
:10025000054A064B7047000019360008890100085E
:10026000F0240120F02A0120F0260120F0260120B0
:1002700053EA020C00F069802DE9F04B4FF00006C4
:10028000002B1FBFB3FA83F503FA05F424FA05F631
:100290005E4012BF1643B2FA82F502FA05F4C5F1C8
:1002A00020051EBF22FA05FC44EA0C04203556EA5C
:1002B000044C4FEA144418BF641C4FF000084FF080
:1002C0000009904271EB030C39D3002919BFB1FA30
:1002D00081F701FA07F6B0FA80F700FA07F6C7F1DE
:1002E00020071EBF20FA07FC46EA0C062037B6FBA3
:1002F000F4FCA7EB0507103F07F01F0BCBF120061E
:100300000CFA0BFB2CFA06F644BFB3460026202F4E
:10031000A4BF5E464FF0000B5BEA060C08BF4FF02F
:10032000010B19EB0B09ABFB027C48EB0608C01B69
:1003300006FB02CC0BFB03CC71EB0C01C1E70B46B7
:10034000024641464846BDE8F08B13B54FF0000029
:100350004FF00001AFF30080BDE81C407047000083
:100360000FB41CB50C0007AA009001D02044401E19
:10037000074B7B4469460190069800F040F9002C39
:1003800003D06946002000F04DF91CBC5DF814FB59
:10039000B90200002DE9F0410E460446002020621B
:1003A0002046E168884730B3252805D0D4E90121EB
:1003B0009047206A401CF2E7E16820460027884702
:1003C000050018D0A5F14100192802D820354FF4B6
:1003D00000673246294620462760FFF70FFF40B1ED
:1003E000012804D0F61D26F007060836D8E7361D8A
:1003F000D6E72846DAE7206ABDE8F0812DE9F0412A
:100400000646002410687529314616A510D0AFF3B2
:100410000080002802DA404213A507E031688A070D
:1004200001D512A502E0490704D511A5012401E078
:10043000AFF3008000210A2206F1240709E0B0FB97
:10044000F2FCB0FBF2F302FB1C003030785418468B
:10045000491C0028F3D123462A463046BDE8F04126
:1004600000F06FB8000000002D0000002B0000001D
:100470002000000010B5203AC0F00B80B1E8185001
:10048000203AA0E81850B1E81850A0E81850BFF47E
:10049000F5AF5FEA027C24BFB1E81850A0E818501D
:1004A00044BF18C918C0BDE810405FEA827C24BF71
:1004B00051F8043B40F8043B08BF7047D20728BFFF
:1004C00031F8023B48BF11F8012B28BF20F8023B4E
:1004D00048BF00F8012B70474FF0000200B51346EB
:1004E00094469646203922BFA0E80C50A0E80C5054
:1004F000B1F12001BFF4F7AF090728BFA0E80C5005
:1005000048BF0CC05DF804EB890028BF40F8042BFD
:1005100008BF704748BF20F8022B11F0804F18BF6A
:1005200000F8012B704770477047704710B500F016
:1005300087F8006810BD10B5044600F081F804602B
:1005400010BD2DE9F0470D4699469246044600F14C
:1005500024080168880604D5E06921F010012160B3
:1005600000E00120A84201DD471B00E00027A1694F
:100570007A1902EB0900081AA0612078C00602D49B
:100580002046AFF30080002608E0D4E901211AF8E4
:1005900006009047206A401C761C20624E45F4DB22
:1005A0002078C0060AD52046AFF3008006E0D4E9E3
:1005B000012130209047206A401C2062381EA7F19C
:1005C0000107F4DC07E0D4E9012118F805009047A1
:1005D000206A401C2062281EA5F10105F3DC20469C
:1005E000AFF300802078000602D50220BDE8F08736
:1005F0000120FBE701694A1C02610878704700B5D9
:100600008FB0CDE901310021059105497944CDE94B
:10061000031011466846FFF7BDFE0FB000BD000095
:10062000E5FFFFFF0A6802F8010B0A607047D1E995
:1006300000239A4202D2531C0B60107070470000D6
:100640000048704790240120004870479024012002
:100650007546FFF7F9FFAE4605006946534620F0A0
:100660000700854618B020B5FFF7F0FDBDE8204033
:100670004FF000064FF000074FF000084FF0000B5E
:1006800021F00701AC46ACE8C009ACE8C009ACE811
:10069000C009ACE8C0098D46704710B50446AFF3F9
:1006A00000802046BDE81040FFF7BCBD014918207E
:1006B000ABBEFEE726000200704700002DE9F04FB8
:1006C00081B001266FF001044FEA510E06EB51078D
:1006D00004EB51084FEA420900240025009700BFAF
:1006E000AEB2B4424FEA44052BD250F8361050F85F
:1006F0002570F20040F8251045F00101043240F861
:100700003670875850F821A040F8217040F802A0B8
:10071000009AA118324450F831B050F832704FEAC4
:10072000C10A4FEAC20C40F8317040F832B00AF109
:1007300004010CF10402875850F801C0475040F8FA
:1007400002C006EB0E0100EB850650F83170D6E9C9
:10075000025A4FEAC10CB7600CF1040740F831505F
:10076000A11CC2591D888CB244454B44F26040F82C
:1007700007A0B5D901B0BDE8F08F70B50446807808
:1007800025886268A38901280E4606D194ED040AE3
:100790003046294600F0B4FA03E03046294600F01E
:1007A00001F9E078012818BF70BD2188E289A368AB
:1007B0003046BDE87040FFF781BF00004AF2442C8C
:1007C000827049F64222C0F6000CC370C0F60002E7
:1007D000FF294FF0FF030180C0F804C00DDDB1F523
:1007E000807F13D0B1F5805F15D0B1F5806F22D135
:1007F0009FED160A0632042117E010290FD0402978
:1008000019D19FED100A7E3240210EE09FED0E0AB5
:100810001E32102109E09FED090A012105E09FED3C
:10082000080A02F5FF724FF4807100238181C181B3
:10083000826080ED040A58B2704700BF0000803922
:100840000000803D0000803C0000803B0000803ABA
:100850002DE9F04381B02DED028B0C46002190462E
:10086000B1EB920F054674D04FEA980795ED000A58
:1008700095ED011A20EE000A21EE011A30EE018AF0
:10088000B0EE480A03F058F8B4EE400AF1EE10FA60
:1008900049D684ED000A95ED020A95ED031A20EE83
:1008A000000A21EE011A30EE018AB0EE480A03F088
:1008B00043F8B4EE400AF1EE10FA39D684ED010A9D
:1008C00095ED040A95ED051A20EE000A21EE011AB5
:1008D00030EE018AB0EE480A03F02EF8B4EE400A7A
:1008E000F1EE10FA29D684ED020A95ED060A95ED8F
:1008F000071A20EE000A21EE011A30EE018AB0EE4E
:10090000480A05F1200904F1100603F015F8B4EEC9
:10091000400AF1EE10FA15D684ED030A013F4D4668
:100920003446A3D113E0B0EE480A03F005F8B0E76F
:10093000B0EE480A03F000F8C0E7B0EE480A02F053
:10094000FBFFD0E7B0EE480A02F0F6FFE4E73446DA
:100950004D4618F0030620D095ED000A95ED011ADA
:1009600020EE000A21EE011A30EE018AB0EE480AAC
:10097000271D02F0E1FFB4EE400AF1EE10FA07D6AF
:1009800084ED000A013E05F108053C46E4D104E08F
:10099000B0EE480A02F0D0FFF2E7BDEC028B01B0E6
:1009A000BDE8F0832DE9F04F88B04FEA91094FEA96
:1009B000091609EB490706964FEAC906FF00CDE97B
:1009C0000462161D03EB43020797071D4FEA031A43
:1009D0004FEAC30B4FEAC20C344632461D4603931E
:1009E000CDF80090049B17ED010AFD18069B97EDCA
:1009F000001A07EB030E079B15ED012A07EB03080E
:100A000095ED003A1EED014A9EED005A18ED016A7F
:100A100098ED007A70EE040A72EE061A71EE052A5D
:100A200073EE073A32EE462A31EE451A30EEA15AFD
:100A300032EEA36A52ED014A30EE440A92ED004ACA
:100A400033EE473A07ED015A87ED006A30EE035A5C
:100A500031EE426A30EEE17A72EEE30A30EE430A9A
:100A600031EE021A14ED012A94ED003A56ED011A06
:100A7000D6ED002A65EE023A26EE022A26EE036A39
:100A800025EE033A27EE245A64EEA04A60EE840A6B
:100A900027EE044A20EE217A61EE211A21EE221A75
:100AA00020EE220A33EE866A32EE432A35EE203AF1
:100AB00034EEC44A37EE011A31EEC00AB9F1010929
:100AC00007F1080752445C44664405ED013A85EDA0
:100AD000004A0EED016A8EED002A08ED011A88ED3C
:100AE000000A7FF47FAF1429C0F0C180009D0190FF
:100AF0002A4600BF0492039AAB089200039292B276
:100B000007924FF0FF3202EB9502069203EB43028D
:100B1000D700DA00EE00141D4FEA031E4FF0000C60
:100B200002464FF0000902939046059A4FEAC90326
:100B300002EBC90090ED000A181D104490ED001A58
:100B400002EB09104FEA091390ED002A181D10441A
:100B500090ED003A09EB490002EBC003C0000430FD
:100B6000104493ED004A90ED005A42464046E0465C
:100B700000EB040A00EB0E0BC31990ED006A1AEDAE
:100B8000017ADBED000AD3ED001A76EE602A36EE2C
:100B9000206A77EE610A37EE217AD0ED011ADAED9C
:100BA000003ADBED014AD3ED015A71EEE46A71EED1
:100BB000A41A73EEE54A73EEA53A72EEA45A72EEE9
:100BC000E42A76EEE04A76EEA00A76EE476A36EE42
:100BD000076A31EEE37A71EEA31A80ED006AC0ED88
:100BE000011A20EE256A61EE241A31EE866A60EE63
:100BF000241A61EE253A71EEE31A62EE263A63EEAC
:100C0000074A73EEA43A22EE077A63EE264A37EEDD
:100C1000647A64EE224A65EE205A64EE200A65EE9C
:100C2000222AA84475EEA44A70EEE20A88453044B0
:100C30004AED013A8AED007A8BED006ACBED011A9C
:100C4000C3ED004AC3ED010A92D307980CF1010CE1
:100C500081440698083284457FF666AF04981328CD
:100C60004FEA90000246DDE901053FF643AF0099E7
:100C700090ED000A90ED011A90ED022A90ED033AF2
:100C800090ED044A90ED055A90ED066A90ED077AD2
:100C900070EE040A30EE440A31EE054A31EE451A90
:100CA00032EE065A73EE071A32EE462A33EE473A10
:100CB00030EE856A34EE217A30EEC55A34EE614A60
:100CC00070EE030A71EE421A30EE430A31EE021A58
:100CD00080ED006A80ED017A80ED025A80ED034AD2
:100CE000C0ED040AC0ED051A80ED060A80ED071A72
:100CF000013900F12000BBD108B0BDE8F08F000041
:100D00002DE9F04F88B04FEA91094FEA091609EB37
:100D1000490706964FEAC906FF00CDE90462161D91
:100D200003EB43020797071D4FEA031A4FEAC30B71
:100D30004FEAC20C344632461D460393CDF800906C
:100D4000069B17ED011AFD18049B97ED002A07EB8F
:100D50000308079B15ED013A07EB030E95ED004ADA
:100D600018ED015A98ED006A1EED017ADEED000AD9
:100D700071EE031A75EE072A72EE043A76EE204AF7
:100D800035EE475A32EE442A36EE604A31EEA26A18
:100D900033EEA47A52ED015A31EE431A92ED003A45
:100DA00007ED016A87ED007A31EE446A32EE057A8A
:100DB00071EEE20A73EEE41A31EE041A32EE452ABD
:100DC00014ED014A94ED005A56ED012AD6ED003A91
:100DD00066EE044A27EE044A27EE057A26EE055A07
:100DE00020EEA56A65EEA15A61EE831A20EE833AE1
:100DF00061EE220A62EE222A22EE232A21EE231A33
:100E000034EEC77A34EE054A36EE615A35EE833A4F
:100E100030EEC22A32EE811AB9F1010907F1080752
:100E200052445C44664408ED015A88ED003A05EDF1
:100E3000017A85ED004A0EED012A8EED001A7FF44D
:100E40007FAF1429C0F0C180009D01902A4600BFE9
:100E50000492039AAB089200039292B207924FF069
:100E6000FF3202EB9502069203EB4302D700DA0051
:100E7000EE00141D4FEA031E4FF0000C02464FF027
:100E8000000902939046059A4FEAC90302EBC90094
:100E900090ED001A181D104490ED002A02EB091085
:100EA0004FEA091390ED003A181D104490ED004AE6
:100EB00009EB490002EBC003C0000430104493ED7D
:100EC000005A90ED006A42464046E04600EB040AB4
:100ED00000EB0E0BC31990ED007A5AED010ADBED21
:100EE000001AD3ED002A77EE613A37EE217A70EEE0
:100EF000E21A70EEA20AD0ED012ADAED004ADBED2B
:100F0000015AD3ED016A72EEE57A72EEA52A74EE0B
:100F1000E65A74EEA64A73EEE56A73EEA53A77EEEA
:100F2000A15A77EEE11A77EE607A37EE207A72EE08
:100F3000E40A72EEA42A80ED007AC0ED012A21EEC7
:100F4000267A62EE252A37EE627A61EE252A62EE73
:100F5000264A72EEA42A63EE274A64EE205A74EE03
:100F6000E54A63EE200A64EE275A75EEA00A65EEA4
:100F7000235A66EE216A65EE211A66EE233AA844EA
:100F800075EEE65A71EEA31A884530444AED014ADF
:100F9000CAED000A8BED007ACBED012AC3ED005AB1
:100FA000C3ED011A92D307980CF1010C8144069805
:100FB000083284457FF666AF049813284FEA900004
:100FC0000246DDE901053FF643AF009990ED001AB6
:100FD00090ED012A90ED023A90ED034A90ED045A0B
:100FE00090ED056A90ED067AD0ED070A71EE051ACC
:100FF00031EE451A32EE065A32EE462A33EE076AD1
:1010000074EE202A33EE473A34EE604A31EE867AA7
:1010100075EE220A31EEC66A35EE625A71EE441A56
:1010200072EE032A31EE041A32EE432A27EE003A1A
:1010300020EE804A26EE006A25EE005A21EE807AE4
:1010400062EE800A21EE001A22EE002A80ED003ABC
:1010500080ED014A80ED026A80ED035A80ED047A4A
:10106000C0ED050A80ED061A80ED072A013900F16E
:101070002000ABD108B0BDE8F08F10B50146806B01
:10108000026C12F0500F05D0026CD20626D500F08B
:10109000C1FB10BD016C41F40071016401688A68F4
:1010A00012F0405F17D1027EAAB9CA6A12F4700F1B
:1010B00002D08A6852050ED44A6822F020024A60A3
:1010C000016C21F480710164016CC90403D4016CCA
:1010D00041F00101016400F09BFB10BD806BC26C0C
:1010E000BDE810400846104710B5806B40210164F0
:1010F000416C41F00401416400F08CFB10BD10B55F
:10110000806B00F086FB10BD464910B54A6822F49A
:1011100040324A604A6843681A434A6001684A6834
:1011200022F480724A6001684A68036942EA032235
:101130004A6001684A6822F040724A6001684A6861
:1011400083681A434A6001688A6822F400628A60F0
:1011500001688A68C3681A438A60816A6FF07062A6
:10116000D14201688A6822F070628A6001688A68E8
:101170000CD0836A1A438A6001688A6822F0405260
:101180008A6001688A68C36A1A4301E022F040520B
:101190008A6001688A6822F002028A6001688A68AF
:1011A000037E42EA43028A6090F820100029016819
:1011B0004A680FD042F400624A6001684A6822F42B
:1011C00060424A6001684A68174C436A04EB433343
:1011D0001A4301E022F400624A600168CA6A22F4FC
:1011E0007002CA620168CA6A838B104C04EB035315
:1011F0001A43CA6201688A6822F400728A60016830
:101200008A6890F8303042EA43228A6001688A682E
:1012100022F480628A6001688A68406942EA80201C
:10122000886010BD0023014000E0FFFF0000F0FFD8
:10123000FEE710B5846B204600F039FC01202071D8
:1012400010BD10B5846B204600F006FC0120207113
:1012500010BD10B5846B206940F004002061204669
:1012600000F028FC0120207110BD10B5846B2069AE
:1012700040F004002061204600F0F1FB01202071C5
:1012800010BD10B5806B00F013FC10BD10B5806B65
:1012900000F0E3FB10BD0000014800F03DBD000080
:1012A00094010020014800F037BD0000F401002047
:1012B000014800F031BD0000200100200168182322
:1012C000CAB2103AB2FBF3F2054B6FF30901032ADD
:1012D0009B5CC36500D9091D816508467047000005
:1012E000A26A000810B5014600208B698A6A4FF097
:1012F000C07453B1B3F5005F15D072B1012A0CD0A0
:10130000022A0AD0032A09D104E01AB1012A06D020
:10131000022A03D1C96AC90100D5012010BDC96ADA
:10132000A142FAD010BD002AF7D0012AF2D0022A39
:10133000F3D0032AF3D010BD30B50468256825F436
:1013400080252560046863608368402B036803D0B0
:1013500099600068C26030BD9A600068C16030BDAD
:10136000074808B540680090014606480269914266
:1013700002D2C168491CC1600099016108BD00002A
:10138000001000E0900000200A4948680A4AD2EDA7
:10139000000A4A68121AF8EE601A01EE102AB8EE36
:1013A000411A60EE211AB4EEE11AF1EE10FAF0D310
:1013B00070470000001000E09000002000B50E49CA
:1013C0002DED028B81B0496800910168009A511A95
:1013D00000EE101A0949F8EE400A91ED000A026089
:1013E000B8EE400A80EE808AFFF7BAFF01B0B0EE97
:1013F000480ABDEC028B00BD001000E09000002008
:101400000D490A6842F080720A600C4900224A6065
:101410000B6843F001030B6009494FF47A734843AA
:10142000B0FBF3F30749C1E90003054BB0FBF3F050
:10143000C1E9020270470000FCED00E0001000E08E
:1014400040420F0090000020704700002DE9FC5F33
:10145000824640F6FF7001904FF6FF709146009073
:1014600098460AEB090001EB080B82B20D9F1FFAA8
:101470008BF3504602F086FB00241FE004FB09F0CA
:10148000B0FBF7F101EB0A0086B20C98019930F835
:10149000140000FB08F090FBF1F1ABEB010085B20A
:1014A00044B11F20009007482B4632460189C0886E
:1014B00002F006FB0348641CC6800581BC42DDD3F4
:1014C000BDE8FC9F000000202DE9F04F82462DED85
:1014D000028B81B01D4691469FED2D8A00200D9E06
:1014E0000CE00C9A02EB800292ED000AB4EEC80AFE
:1014F000F1EE10FA01DDB0EE408A401CB042F0D3AC
:10150000B5EEC08AF1EE10FA01D1B7EE008A4FF6BF
:10151000FF7000900AEB090001EB050B82B21FFA85
:101520008BF3504602F02EFB00242AE004FB09F066
:10153000B0FBF6F101EB0A001FFA80F80C9800EE00
:10154000105A00EB8400B8EE400AD0ED000A20EEFD
:10155000800AC0EE080ABCEEE00A10EE100AABEBFF
:10156000000087B244B11F2000900A483B46424623
:101570008188408802F0A4FA0648641CA0F8028022
:101580008780B442D2D301B0BDEC028BBDE8F08FAE
:10159000000000000000002072B6FEE710B50B4806
:1015A00001F0D6FB4FF4805422460949094800F067
:1015B000A9F90123002221460748FFF7FFF8BDE8FB
:1015C00010404FF4FA7000F019BD000088030020AD
:1015D00018040020D80000201824002030B5B3F5EE
:1015E000804F05D06FF0704140F82210002030BDD0
:1015F0008C690B688D6823434C688989240144EA0F
:101600000524234343EA014150F82230014C234092
:101610001943E9E70000F0CF10B50A6850F822300E
:1016200023F0010340F822308C68082C23D00023DB
:101630004A682243CC681C430B6922431A434B6916
:101640000E4C1A43CB691A430B6A1A434B6A1A436E
:101650008B6A1A43CB6A1A430B6B1A438B69134389
:10166000CA6B09681A4350F82130A343134340F86A
:101670002130002010BD4023DAE700007FFF0F007B
:1016800030B5D1E9003443EA04138C688D89240213
:1016900044EA054423430C8A094D00EB820005EB24
:1016A000045423430C7D6D0105EB046489692343D5
:1016B0000B43416801F040410B434360002030BDC3
:1016C0000000F0FF78B50024009490F83C20012A37
:1016D00019D0012280F83C200A6807230568092AEE
:1016E00013D9EE680A3A02EB420293409E43EE6041
:1016F0000B788A680A3B03EB43039A400368DD6872
:101700002A43DA6010E0022078BD2E6902EB420223
:1017100093409E432E610B788A6803EB43039A4003
:1017200003681D692A431A614A681F23072A13D2D6
:1017300005686E6B521E02EB820293409E436E63FD
:101740000B790A885B1E92B203EB83039A4003680D
:101750005D6B2A435A6327E005680D2A12D22E6B6F
:10176000D21F02EB820293409E432E630B790A88BC
:10177000DB1F92B203EB83039A4003681D6B2A437D
:101780001A6311E0EE6A0D3A02EB820293409E4327
:10179000EE620B790A880D3B92B203EB83039A4009
:1017A0000368DD6A2A43DA62164B0568144A9D42D3
:1017B00006D10D68122D03D1556845F4800555609A
:1017C00005689D4218D10B68102B01D0112B13D145
:1017D000536843F400035360096810290CD10A4987
:1017E0000A4A0968B1FBF2F101EB8101490000E00E
:1017F000491E00910029FBD180F83C40002078BDB3
:1018000000230140002001407800002040420F00EA
:1018100070477047704770B504004FF0000503D063
:10182000206C002610B107E0012070BD204600F0BA
:101830001DF8666484F83C60206CC00610D4206CEF
:1018400020F4885040F0020020642046FFF75CFC42
:101850006664206C20F0020040F00100206400E08B
:10186000012584F83C60284670BD000070B586B044
:10187000064614216846FEF72FFE1D49306888424F
:1018800034D11C480025016841F480710160006872
:1018900000F48070059017481438016841F0010188
:1018A00001600068694600F0010005900820009082
:1018B0000320CDE90105104800F006FC104C0F484C
:1018C000C4E900050015A560C4E90350400060614B
:1018D0008000A0614011C4E907052046656200F060
:1018E000EBFA08B1FFF758FEB463A66306B070BD0B
:1018F00000200140443802400000024010640240D1
:1019000020010020F8B5044600200E46009094F80F
:101910003C10012907D0012184F83C1021688B6814
:10192000DB0702D011E00220F8BD8B6843F0010311
:101930008B604049404B0968B1FBF3F101EB410179
:1019400000E0491E00910029FBD121688B68DB056E
:1019500003D58B6823F480738B6021688B68DB0769
:101960005DD0236C40F20165AB4343F48073236484
:101970004968490505D5216C21F4005141F4805195
:101980002164216CC90404D5616C21F006016164F5
:1019900000E0606484F83C00A16B2948274DC863CF
:1019A000A16B28480864A16B2748C86421686FF0C0
:1019B000220008602068416841F080614160206831
:1019C000816841F4807181602168134632464C3150
:1019D000A06B00F0DBFA68681C49C006206806D0DE
:1019E000884224D1816811F0405F13D01FE0884203
:1019F000F8D0174A904203D1D1F80423D206F1D08F
:101A0000144A904213D1D1F8041301F01F01102998
:101A1000E8D30CE0816841F08041816007E0206CF0
:101A200040F010002064606C40F001006064002011
:101A3000F8BD00007800002040420F000023014064
:101A40007B100008FF100008E9100008002001408A
:101A500000210140002201407047704770477047E5
:101A600070B500B3F9B14379012B1ED00126467140
:101A70000223037105682C6802F0100340F6FE7221
:101A80009A409443D1E900210A439A4022432A60B4
:101A900001680A68C0249C40A2430A6006710021C4
:101AA0004171084670BD012070BD022070BD7047B5
:101AB0007047704770472DE9F0410446006806689A
:101AC000456BB1044FF0040710D5A9040ED527715A
:101AD000216941F001012161F90241632068016837
:101AE00021F4805101602046FFF7E3FFB00014D5D8
:101AF000A80012D52771206940F0020020612168FA
:101B00004FF0005048632068016821F08051016067
:101B10002046BDE8F041FFF7A1BFBDE8F08170B5F8
:101B2000040003D02079002510B105E0012070BD2C
:101B30006571204600F008F802202071256101201F
:101B40002071002070BD00002DE9F04F87B00646DF
:101B500014216846FEF7C0FC3249306888425ED1E5
:101B600031480025016841F000510160006800F033
:101B7000005005902C481038016841F001010160C7
:101B80000068694600F001000590302000900320B5
:101B9000CDE90105254800F097FA264C24484FF07E
:101BA00060674FF0400884E881014FF40069001538
:101BB000C4F81490C4E9035004F11801C0004FF4B4
:101BC000807A4FF4003B656281E8010C204600F00A
:101BD00073F908B1FFF7E0FCB460A663154C144834
:101BE0006034183084E881010015C4F81490C4E909
:101BF000035004F11801C000656281E8010C204621
:101C000000F05AF908B1FFF7C7FCF4600022012187
:101C10003620A66300F0C0FC362000F0AFFC07B011
:101C2000BDE8F08F007400404038024000000240E0
:101C300088600240940100202DE9F04104000698DC
:101C400017460D461BD0617901291BD0012666710C
:101C500002212171C5B1E2682949D163E2682949AD
:101C60001164E2682849D16421680A6842F0805210
:101C70000A6040B32268042828D01C3227E00120E3
:101C8000BDE8F0810220FBE7A2682049D163A26889
:101C90001F491164A2681F49D16421680A6842F48F
:101CA00080520A6020B12268042804D0103203E078
:101CB0002268083200E00C322068016841F40051CB
:101CC0000160A06809E02268143200E01832206840
:101CD000016841F000510160E068394600F056F9B2
:101CE0000021617120B1216941F004012161C7E740
:101CF00021680A6805F010039E4032430A60BFE77E
:101D0000431200088D1200086B12000833120008FD
:101D100083120008531200082DE9F84304464FF0DF
:101D20000009CDF8009063484FF41651A56D006886
:101D3000B0FBF1F72E6894F85C10082000FA01F16E
:101D400031420FD021680A6852070BD50A6822F089
:101D500004020A6094F85C108840A860606D40F04E
:101D60000100606594F85C104FF0010808FA01F07A
:101D7000304208D021684969090604D5A860606D21
:101D800040F00200606594F85C1004208840304206
:101D900008D021680968890704D5A860606D40F003
:101DA0000400606594F85C1010208840304218D020
:101DB00021680968090714D5A860206801684903EB
:101DC00004D50068000308D5A16C07E00168C905C7
:101DD00003D4016821F008010160216C09B120469B
:101DE000884794F85C1020208840304231D0216828
:101DF0000968C9062DD5A86094F835000528206823
:101E0000016806D0490347D5006800031DD4616C02
:101E10001CE021F0160101602068416921F0800179
:101E20004161206C08B9A06C20B12068016821F0E4
:101E30000801016094F85C103F208840A86084F895
:101E4000358084F83490216D1FE0E16B09B12046A4
:101E50008847606D00282BD0606DC00714D0052026
:101E600084F835002068016821F0010101600098C4
:101E7000401C0090B84203D820680068C007F6D123
:101E800084F8358084F83490E16C002910D001B0DA
:101E90002046BDE8F04308470168C905D5D401686C
:101EA00021F01001016084F8358084F83490CCE78B
:101EB000BDE8F883780000202DE9F041044600F0E9
:101EC00005FA06465CB1022084F83500002584F846
:101ED00034502068016821F0010101600DE001200B
:101EE000BDE8F08100F0F2F9801B052805D920201B
:101EF0006065032084F83500F2E720680068C007B9
:101F0000F0D12268116820480140D4E90103184348
:101F1000D4E903363343184363691843A36918436C
:101F2000E3691843236A18430843616A042903D10B
:101F3000D4E90B1319430843106020684069666AAE
:101F400020F0070130460E43012704280CD1A06A77
:101F50000643E06A40B12046FFF7C4F920B14020B3
:101F6000606584F83570BAE7206846612046FFF75F
:101F7000A5F994F85C203F2191408160656584F863
:101F800035700020ACE700003F8010F02DE9F041F3
:101F90000446866D90F83400002501280DD00120FC
:101FA00084F8340094F835700020012F07D084F8AD
:101FB000340002252846BDE8F0810220FBE7022715
:101FC00084F8357060652046FFF7B6F994F85C1028
:101FD0003F208840B0602068016841F01601016030
:101FE000206C20B12068016841F008010160206880
:101FF000016841F001010160DCE7000070B50446B2
:1020000000F064F90546601C02D0044800780444DE
:1020100000F05CF9401BA042FAD370BD6C000020B8
:102020002DE9F04186B014216846FEF755FA2048A4
:102030000168002939D1012101601E48002401688E
:1020400041F00101016000684FF4805800F0010088
:102050000C27CDF80080CDE90470032602250396F5
:10206000CDE901546946144800F02EF84FF680700F
:10207000CDE9000502AA694682E8D0000F4800F0C9
:1020800023F84CF23370CDE9000502AA694682E8D4
:10209000D0000B4800F018F802AA694682E8D00088
:1020A000CDE90085074800F00FF806B0BDE8F081E3
:1020B0006400002038380240001402400010024042
:1020C000000C0240001802402DE9F84FDFF8BCA1D7
:1020D0000022012503264FF00F090AF1040BAAF193
:1020E000040E00BF0B6805FA02F42340A34270D12E
:1020F0000F7907F00307012F01D0022F16D187684F
:102100004FEA420806FA08FC27EA0C07D1F80CC08F
:102110000CFA08FC4CEA070CC0F808C04768A74353
:102120000C79C4F3001494403C4344600C79E443BC
:10213000A4070AD0C4684FEA420C06FA0CF7BC4365
:102140008F6807FA0CF72743C7600C7904F0030483
:10215000022C12D1D40800EB840CDCF82040570785
:10216000FF0E09FA07F824EA0804D1F8108008FAEB
:1021700007F848EA0408CCF8208004684FEA420CCB
:1021800006FA0CF7BC430F7907F0030707FA0CF7C0
:10219000274307604C6814F4403F70D03C4C2768DC
:1021A00047F480472760246822F0030704F4804442
:1021B0000094384C07EB040CDCF8084897074FEA0A
:1021C000177809FA08F7BC43334FB84202D1002709
:1021D00024E054E0314FB84201D101271EE0304FD6
:1021E000B84201D1022719E02E4FB84201D103278E
:1021F00014E02D4FB84201D104270FE02B4FB84215
:1022000001D105270AE02A4FB84201D1062705E08F
:10221000284FB84201D1072700E0082707FA08F73E
:102220002743CCF80878DAF800405746D1F804C0C4
:102230009C435FEACC2C00D51C433C60DBF800409B
:102240005F46D1F804C09C435FEA8C2C00D51C4348
:102250003C60DEF800407746D1F804C09C435FEA5A
:102260008C3C00D51C433C60084F083F3C68D1F8CB
:1022700004C09C435FEACC3C00D51C433C60521C2C
:10228000102AFFF42FAFBDE8F88F0000083C014092
:102290004438024000300140000002400004024087
:1022A00000080240000C02400010024000140240EE
:1022B00000180240001C02400069084000D00120C4
:1022C00070470AB1816170470904FBE701488068E3
:1022D000704700006C00002070B5040025D094F811
:1022E0003D00002520B984F83C50204600F0B8F8A5
:1022F000242084F83D002068016821F0010101607C
:102300002068016841F4004101602068016821F4FF
:102310000041016000F00CFA4D4A6168914201D819
:102320004C4900E04C49884201D2012070BD4B4924
:102330002368B0FBF1F15E6826F03F060E435E6055
:102340006368934206D94FF4967359434FF47A73F6
:10235000B1FBF3F12368491C1E6A26F03F063143A6
:1023600019626168914210D84900401EB0FBF1F239
:10237000521CC2F30B02042A01D2042022E0B0FB5B
:10238000F1F0401CC0F30B001CE0A268F2B301EBBB
:10239000C10303EB0116431EB3FBF6F35B1C43F4CE
:1023A00080431B0549D092B301EBC10202EB01113E
:1023B000401EB0FBF1F0401CC0F30B0040F4804025
:1023C00040F400402168CA694CF6FF739A431043F9
:1023D000C861D4E9071001432068026822F0C002F6
:1023E00011430160D4E9030101432068826848F287
:1023F000FF339A4311438160D4E905010843216802
:10240000CA6822F0FF021043C86001E00EE016E047
:102410002068016841F0010101602564202084F8F2
:102420003D00256384F83E50002070BD01EB41065D
:10243000431EB3FBF6F35B1CB3E70120C2E701EBDD
:102440004101401EB0FBF1F0401CC0F30B00B7E7A8
:10245000A086010080841E0000093D0040420F005C
:1024600010B586B0044614216846FEF735F81349C6
:10247000206888421FD112480021026842F02002E1
:1024800002600068122200F0200005900320CDE9D0
:102490000210CDE900020420049069460948FFF7C4
:1024A00013FE07481030016841F4800101600068A4
:1024B00000F48000059006B010BD000000580040F8
:1024C000303802400014024002488168027811440A
:1024D000816070476C0000200B4810B5016841F422
:1024E00000710160016841F480610160016841F49C
:1024F00080710160032000F06FF80F2000F006F8F3
:1025000000F024F8002010BD003C024070B50D4DD5
:1025100004464FF47A712878B1FBF0F00A49096853
:10252000B1FBF0F000F02AFB48B9102C07D20022D2
:102530002146501E00F030F800206C6070BD012074
:1025400070BD00006C000020780000200A4808B52B
:10255000016841F480410160006800F4804000900F
:102560000548001F016841F080510160006800F0DB
:102570008050009008BD000044380240002809DB6C
:1025800000F01F02012191404009800000F1E0208D
:10259000C0F8001170470000F0B40E4B1B680C46E9
:1025A000C3F30223C3F10705042D00D90425191D27
:1025B000072901D2002300E0DB1E012606FA05F1FF
:1025C000491E214099409E40761E16403143F0BC82
:1025D00001F0A2B90CED00E0064900F0070208681E
:1025E0004FF6FF03184040EA0220034A10430860F8
:1025F000704700000CED00E00000FA052DE9F047FF
:102600000E46050065D0DFF81481D8F80000F7B257
:1026100000F00700B04207D288F80070D8F8000038
:1026200000F00700B04254D128683D4C810712D514
:10263000400703D5206840F4E05020602878000768
:1026400003D5206840F4604020602068A96820F02D
:10265000F000084320602878C0072DD03049686812
:102660000839012812D0022813D0032811D0096894
:10267000890700292DDA216821F003010143216037
:10268000FFF724FE814641F2883A0EE0096889038B
:10269000EFE709688901ECE7FFF718FEA0EB0901F5
:1026A000514502D90320BDE8F0872068696800F031
:1026B0000C00B0EB810FEFD1D8F80010404601F0CC
:1026C0000701B14207D90770006800F00700B04267
:1026D00001D00120E7E72878400705D52068E968A0
:1026E00020F4E050084320602878000706D52068D1
:1026F000296920F4604040EAC100206000F028F819
:102700002168084AC1F30311515CC84006490860BA
:1027100006480068FFF7FAFE0020C4E7003C0240CC
:1027200008380240AA6A00087800002070000020E3
:102730000448054900680968044AC1F38221515CD4
:10274000C84070477800002008380240BA6A000884
:10275000154810B5006810F00C02144813D0411051
:10276000042A0FD0082A0ED10F4C241F2268236898
:1027700002F03F025B0207D52068C0F38810A0FB7F
:10278000010106E0084610BD2168C1F38811A1FBD4
:1027900000010023FDF76CFD2168C1F30141491CD4
:1027A0004900B0FBF1F010BD083802400024F400ED
:1027B0002DE9F84F04006ED02078DFF84C93C00765
:1027C000A9F104054AD009F104000168C1F38101AF
:1027D000012908D00068C0F3810002280AD1D9F885
:1027E0000000400206D52868800337D560680028BD
:1027F000E1D033E06068B0F5803F10D0B0F5A02F95
:10280000286810D020F480302860286820F48020C8
:1028100028606068A8B1FFF759FD06460DE02868FA
:1028200040F48030F4E740F480202860F7E700BFF0
:10283000FFF74CFD801B642873D828688003F7D508
:102840000CE0FFF743FD064605E000BFFFF73EFD45
:10285000801B6428F0D828688003F7D42078DFF83C
:10286000AC8280074FF0000A3ED5A748001D0168E2
:1028700011F00C0F08D00068C0F3810002280BD1C2
:10288000D9F80000400207D42868800716D5E06810
:10289000012800D112E033E1E068B8B10120C8F8A6
:1028A0000000FFF713FD064605E000BFFFF70EFD31
:1028B000801B0228C0D828688007F7D528682169BE
:1028C00020F0F80040EAC10028600DE0C8F800A040
:1028D000FFF7FCFC064604E0FFF7F8FC801B02282B
:1028E0001FD828688007F7D42078000722D5864FA4
:1028F00087486169703771B101210160FFF7E6FC1B
:10290000064604E0FFF7E2FC801B022809D838687D
:102910008007F7D50EE0C0F800A0FFF7D7FC064609
:1029200005E082E0FFF7D2FC801B02287DD83868E2
:102930008007F7D42078400768D5DFF8CCB10027AE
:102940000BF13C0BDBF80000C0000BD4DBF80010EF
:1029500041F08051CBF80010DBF80000012700F0B7
:10296000805000906B4E3068C00510D4306840F441
:1029700080703060FFF7AAFC009005E0FFF7A6FC2E
:102980000099401A022850D83068C005F6D55E4E2E
:10299000A0686C3601280FD00528306810D020F0D0
:1029A00001003060306820F004003060A068B8B1E9
:1029B000FFF78CFC00900FE0306840F00100F4E776
:1029C00040F004003060F7E7FFF780FC0099411AFF
:1029D00041F28830814266D830688007F4D50EE035
:1029E000FFF774FC009007E0FFF770FC0099411AB4
:1029F00041F28830814256D830688007F4D42FB134
:102A0000DBF8001021F08051CBF80010A069C8B3AA
:102A10003D49091D0968C1F3810102294AD00228F4
:102A2000504607D0C8F8600000E03CE0FFF74EFCDD
:102A300004463BE04746C8F86000FFF747FC0646FF
:102A400005E000BFFFF742FC801B02282BD8286856
:102A50008001F7D4D4E907010843A16A2E4A490846
:102A600002EB0141626A41EA8211084394F82C109A
:102A700040EA0161C9F8001001203866FFF726FC22
:102A8000044606E03EE000BFFFF720FC001B0228E2
:102A900009D828688001F7D534E000BFFFF716FC9D
:102AA000001B022802D90320BDE8F88F28688001A6
:102AB000F4D427E00128F7D0D9F80000E26900F447
:102AC000800191421CD1226A00F03F01914217D14E
:102AD00047F6C071626A0140B1EB821F10D1A26A51
:102AE0004FF0FF3300F4403103EB5202B1EB024FE1
:102AF00006D194F82C1000F07060B0EB016F01D09B
:102B00000120D1E70020CFE704380240000047420F
:102B1000800E4742007000400000FFFF70B5154670
:102B20000E46040003D094F8490010B107E00120DC
:102B300070BD002084F84800204600F01DF804F124
:102B400008012068FEF768FD3146A2682068FEF79C
:102B500097FDD4E901022946236BFEF73FFD21686A
:102B6000A06851F8202042F0010241F82020012005
:102B700084F84900002070BDFFF752BA10B5401E1E
:102B8000B0F1807F01D3012010BD4FF0E0246061DF
:102B90000F21601700F0C0FE0020A0610720206117
:102BA000002010BD10B590F83C20012A22D001224F
:102BB00080F83C20CA688C6822F4407222434C683A
:102BC00022F4806222430C6822F4006222430C69E2
:102BD00022F4805222434C6922F400522243C969F4
:102BE000002322F480420A4301684A6480F83C30A2
:102BF000002010BD022010BD70B590F83C20012AC5
:102C000032D0012480F83C40022280F83D20036845
:102C10005A689D6822F070060A6832435A60134B66
:102C200002689A4214D0B2F1804F11D0104B9A42F0
:102C30000ED0104B9A420BD00F4B9A4208D00F4B3C
:102C40009A4205D00E4B9A4202D00E4B9A4204D1C2
:102C5000496825F080031943916080F83D400021C8
:102C600080F83C10084670BD022070BD0000014095
:102C70000004004000080040000C00400004014037
:102C8000004001400018004010B5040003D094F843
:102C90003D0010B107E0012010BD002084F83C0089
:102CA000204600F01FF8022084F83D00211D206816
:102CB00000F0C0FC012084F8460084F83E0084F84F
:102CC0003F0084F8400084F8410084F8420084F812
:102CD000430084F8440084F8450084F83D00002057
:102CE00010BD000008B51649026816488A4205D191
:102CF000016841F001010160006812E01149091FFB
:102D0000B2F1804F08D0104B9A420ED1086840F0C3
:102D100002000860086810E0086840F001000860E0
:102D2000086800F00100009008BD08498A42FBD104
:102D3000016841F002010160006800F00200F2E762
:102D400000000140443802400004004000040140FB
:102D500090F83D10012901D001207047022180F830
:102D60003D1000681149884214D0B0F1804F11D055
:102D70000F4988420ED00F4988420BD00E49884235
:102D800008D00E49884205D00D49884202D00D492D
:102D9000884204D1816801F00701062903D0016847
:102DA00041F0010101600020704700000000014077
:102DB0000004004000080040000C004000040140F6
:102DC000004001400018004070B5044690F83C00F7
:102DD0000025012817D0012684F83C60022084F8E1
:102DE0003D002068826822F0770222F47F428260F0
:102DF0000868502838D00DDC20284FD005DC90B36F
:102E0000102811D14AE0022070BD302846D0402859
:102E10000AD13BE060282FD070280DD0B0F5805F3C
:102E200003D0B0F5005F12D0012584F83D6000208A
:102E300084F83C00284670BDCB68D1E901212068A8
:102E400000F071FC2068816841F0770109E0CB68EF
:102E5000D1E90121206800F066FC2068816841F416
:102E600080418160E1E719E0CA684968206800F0A4
:102E70002FFD5021206806E0CA684968206800F0EC
:102E800038FD6021206800F058FCCEE7CA68496828
:102E9000206800F01DFD40212068F4E7226801460B
:102EA0001046F0E710B586B0044614216846FDF7D9
:102EB00013FB0E492068884216D10D480021026894
:102EC00042F001020260006800F0010005904FF43A
:102ED000007000900220CDE901010120CDE903102E
:102EE00069460448FFF7F0F806B010BD0000014045
:102EF000303802400000024070B5044690F83C00B3
:102F000000260D4601280FD0012084F83C006AB14C
:102F1000042A1DD0082A2FD00C2A3FD001260020D9
:102F200084F83C00304670BD022070BD206800F07F
:102F30000DFC2068816941F0080181612068816988
:102F400021F004018161206881692A69114311E03F
:102F5000206800F02BFC2068816941F400618161E8
:102F60002068816921F480618161206881692A6912
:102F700041EA02218161D2E7206800F04DFC20681F
:102F8000C16941F00801C1612068C16921F00401F3
:102F9000C1612068C1692A69114311E0206800F00D
:102FA0006FFC2068C16941F40061C1612068C1699A
:102FB00021F48061C1612068C1692A6941EA022166
:102FC000C161ACE710B5040003D094F83D0010B126
:102FD00007E0012010BD002084F83C00204600F0EE
:102FE0001EF8022084F83D00211D206800F022FB1D
:102FF000012084F8460084F83E0084F83F0084F8FD
:10300000400084F8410084F8420084F8430084F8CA
:10301000440084F8450084F83D00002010BD70474E
:1030200010B50446022249B104290ED0082913D054
:1030300094F84100012816D0012010BD94F83E00FC
:103040000128F9D184F83E200FE094F83F000128D0
:10305000F2D184F83F2008E094F840000128EBD139
:1030600084F8402001E084F841200122206800F02B
:103070004DFB16492068164A884201D0904203D180
:10308000436C43F4004343642068884213D0B0F19A
:10309000804F10D00F4988420DD00F4988420AD086
:1030A0000E49884207D0904205D00D49884202D08F
:1030B0000C49884204D1816801F00701062903D038
:1030C000016841F001010160002010BD00000140D5
:1030D000000401400004004000080040000C0040D3
:1030E0000040014000180040FEE700007FB50025C9
:1030F0001548009501950295124903950160012438
:103100004FF480310461C0E90115057680F8205044
:103110000903C162C5604910C461816280F8304012
:103120004461FEF778FB08B1FEF736FA03208DE81C
:10313000310069460448FEF7C5FA002801D0FEF7C1
:103140002BFA7FBD00200140D80000201CB50024D0
:10315000104900940E48019408600846FEF7DFFC11
:1031600008B1FEF719FA2420CDE9000400226946CF
:103170000848FEF775FC08B1FEF70EFA1022694602
:103180000448FEF76DFC002801D0FEF705FA1CBDCF
:103190000074004080010020154808B5016841F422
:1031A00000110160016801F400110091016841F40F
:1031B000800101600068002200F480000090114648
:1031C0001020FFF7E9F91020FFF7D8F90022114687
:1031D0001120FFF7E1F91120FFF7D0F90022114685
:1031E0003820FFF7D9F9BDE808403820FFF7C6B905
:1031F0003038024000B587B01C216846FDF76CF9F5
:1032000016484FF020411022016015494160062107
:1032100081600021C160C0E904128161C1611302B3
:103220000162C0E90913C1620163416381634164C2
:103230000F20FF230090CDE90103CDE90302112007
:10324000CDE90501002269460448FFF767FC002824
:1032500001D0FEF7A1F907B000BD00005402002024
:10326000040100A070B586B014216846FDF734F95A
:103270002C480024016841F010010160016801F050
:1032800010010591016841F020010160016801F021
:1032900020010591016841F080010160016801F0A1
:1032A00080010591016841F001010160016801F0B0
:1032B00001010591016841F008010160016801F018
:1032C00008010591016841F0400101600068164E57
:1032D00000F0400005900022C0213046FEF7F1FFCB
:1032E0001C2001258DE8310069461048FEF7ECFEF0
:1032F000C0200090CDE90154694630460394FEF7A2
:10330000E3FE02200095CDE9014069460848FEF73A
:10331000DBFE04208DE8310069460648FEF7D4FE46
:1033200006B070BD30380240001402400010024068
:1033300000000240000C02400D4810B50B4901602E
:103340000C49416000214FF480428160C0E90312C2
:1033500041618161C1610162FEF7BEFF002803D0B7
:10336000BDE81040FEF718B910BD0000005800403D
:10337000A4020020A086010010B596B000240F948E
:1033800010941194129413941C2108A81494FDF71E
:10339000A3F820216846FDF79FF8294827490160D6
:1033A000A721C0E9011440F2E731C0E903148021EC
:1033B000C0E90541FFF768FC08B1FEF7EDF84FF4EE
:1033C00080500F900FA91E48FFF7FEFC08B1FEF7D2
:1033D000E3F81B48FFF7F6FD08B1FEF7DDF813949C
:1033E00013A917481494FFF707FC08B1FEF7D4F8A7
:1033F0006020CDE908040A940B940C940D940422E7
:1034000008A90F480E94FFF777FD08B1FEF7C4F83E
:1034100000944FF40050CDE90440029401940394C9
:10342000694607480794FFF7BDFB08B1FEF7B4F8FB
:103430000348FFF737FD16B010BD00000000014043
:10344000F802002010B586B00024164800940194BC
:103450000294039404944FF080410594C0E9001451
:1034600042F2CF01C0E9024104618461FFF70CFC24
:1034700008B1FEF791F84FF4805000906946094872
:10348000FFF7A2FC08B1FEF787F82020CDE904047D
:1034900004A90448FFF7B0FB002801D0FEF77CF830
:1034A00006B010BD4003002010B586B000241748B8
:1034B00000940194029403940494134905940160C8
:1034C0005321C0E901140921C0E90314802181615D
:1034D000FFF7DAFB08B1FEF75FF84FF48050009079
:1034E00069460A48FFF770FC08B1FEF755F820203E
:1034F000CDE9040404A90548FFF77EFB002801D0AC
:10350000FEF74AF806B010BD000400408803002012
:1035100010B586B0002417480094019402940394D7
:10352000049413490594C0E90014A721C0E902419D
:1035300080210461C0E90541FFF7A6FB08B1FEF751
:103540002BF84FF48050009069460A48FFF73CFC86
:1035500008B1FEF721F82020CDE9040404A90548AC
:10356000FFF74AFB002801D0FEF716F806B010BDA1
:1035700000040140D0030020FEE7FEE770477047DB
:10358000FEF7A2BF30B593B030216846FCF7A4FF28
:1035900014210CA8FCF7A0FF1D480025016841F08C
:1035A00080510160006800F0805011901948016856
:1035B00041F4804101600068022400F480401190D1
:1035C00001200090000401908001CDE9064008AA86
:1035D0000420A82182E813000B906846FFF7E8F862
:1035E00008B172B6FEE70CA90F2081E831004FF454
:1035F000A0500F904FF48050109005210CA8FEF7BA
:10360000FDFF002801D072B6FEE713B030BD000008
:1036100040380240007000400248016841F47001E7
:103620000160704788ED00E00148FEF744BA0000F1
:1036300080010020F0B50268294C2A4D2A4E2B4FFC
:103640002B4B4FF0804CA04209D0604507D0A842D8
:1036500005D0B04203D0B84201D0984204D122F044
:10366000700E4A6842EA0E02A0421BD0604519D093
:10367000A84217D0B04215D0B84213D0984211D00A
:103680001C4DA8420ED01C4DA8420BD01B4DA84289
:1036900008D01B4DA84205D01A4DA84202D01A4DA1
:1036A000A84203D122F44075CA682A434D6922F02A
:1036B00080022A4302608A68C2620A688262A0426B
:1036C00001D0984201D10969016301214161016979
:1036D000C90703D0016921F001010161F0BD0000BB
:1036E000000001400004004000080040000C0040C1
:1036F00000040140004001400044014000480140F6
:1037000000180040001C00400020004010B501F0EF
:103710001F030121046A99408C430462016A9A40A4
:103720001143016210BD10B5846842EA032224F4FB
:103730007F440A432243826010BD826822F07002F7
:103740000A4342F00701816070470000F0B5036A48
:10375000026A22F00102026242688469124E24F079
:1037600073050C682C4323F002058B682B430D4D29
:10377000A84201D0B04205D123F00807CB683B43F3
:1037800023F00403A84201D0B04205D14D6922F4D0
:10379000407215438A692A434260846149684163E3
:1037A0000362F0BD0000014000040140F0B5026A70
:1037B000036A23F010030362436884690D6824F4EC
:1037C000E64444EA05248D6822F0200242EA05120C
:1037D0000F4D104EA84201D0B04206D1CF6822F062
:1037E000800242EA071222F04002A84201D0B04211
:1037F00007D14D6923F4406343EA85038D6943EAA9
:10380000850343608461496881630262F0BD000002
:103810000000014000040140F0B5026A036A23F48D
:10382000807303624368C46922F4007224F0730554
:103830000C68124E2C438D6842EA05220E4DA842B8
:1038400001D0B04206D1CF6822F4006242EA0722DA
:1038500022F48062A84201D0B04207D14D6923F41E
:10386000405343EA05138D6943EA05134360C4617D
:103870004968C1630262F0BD0000014000040140DC
:1038800030B5046A026A22F4805202624268C36957
:103890000D6823F4E64343EA05238D6824F40054BD
:1038A00044EA0534084DA84202D0084DA84204D18C
:1038B0004D6922F4804242EA85124260C361496840
:1038C0000164046230BD00000000014000040140BA
:1038D00010B5036A046A24F001040462846924F0C8
:1038E000F00444EA021423F00A020A4384610262EB
:1038F00010BD10B5036A046A24F0100404628469E0
:1039000023F0A00324F4704444EA023243EA011194
:103910008261016210BDFEE70907090E002804DB81
:1039200000F1E02080F80014704700F00F0000F173
:10393000E02080F8141D704710B52DED028BB1EE1C
:10394000C08A18EE100A20F00040C0F1FF40C00FFE
:103950000AD010EE100A20F00040C0F1FF40C00F66
:1039600004BF0120FCF7E7FDB0EE480ABDEC028B76
:1039700010BD0000F0B50D462DED028B85B006465A
:10398000B0EE408A144614216846FCF7A5FD00EE0F
:10399000104AD5ED000A0120B8EEC00A384B04EBFE
:1039A000D47180EE801A8DED001A1FE005EB8002C5
:1039B000D3ED000A92ED000AB4EEE00AF1EE10FA3F
:1039C00009DDC3ED010A9F68DF6092ED000A83ED17
:1039D000000A986009E0D3ED010AB4EEE00AF1EEC6
:1039E00010FA02DD83ED010AD860401CB0EB610FD4
:1039F000DCDB93ED020A4FF480512846B8EEC00A92
:103A000060EE080A00EE104AB8EEC00A80EE801A96
:103A10008DED011A93ED030AB8EEC00A60EE080AB4
:103A200000EE104AB8EEC00A80EE801AF0EE000AEE
:103A30008DED031A93ED000A20EE201A00EE104AD5
:103A4000B8EEC00AC1EE001ACDED021A93ED010ADC
:103A500060EE200A00EE104AB8EEC00A80EE801A2E
:103A60008DED041A02F06CFF8DED020A14226946F6
:103A70003046FCF7FFFC05B0BDEC028BF0BD00004A
:103A80007C0000200122D1030148FEF71ABC00008F
:103A90000004024008B50021009040F23F1340F2BC
:103AA000DF12084600F06EF808BD08B52920ADF811
:103AB0000000BDF800004FF0D841A1F87E0008BD1D
:103AC0002DE9FC5F164698460C460546B04201D2E9
:103AD000701B00E0A81B1FFA80F9444502D2A8EB36
:103AE000040001E0A4EB08001FFA80FA4FF0FF3059
:103AF000B54201D2012100E001460191444500D2C6
:103B000001208346A9EB0A0007B2414630460C9AD1
:103B100000F022F8CAF10000009017E02146284684
:103B20000C9A00F019F87800009900B2884205DD7F
:103B3000A7EB0A010FB2019929448DB2484505DA75
:103B400007EB090007B204EB0B0084B2B542E5D1E4
:103B50004445E3D1BDE8FC9F38B50D461446014607
:103B600002F08DFB2946084602F0C8FB02F00DFD6D
:103B7000ADF80040BDF800004FF0D841A1F880003A
:103B800038BD00002DE9F8430C461E461546804618
:103B90001146089F02F073FB3146204602F0AEFB4F
:103BA00002F0F3FC4FF0D8410EE0404608E000BFC1
:103BB000ADF80070BDF80020A1F88020401C80B254
:103BC000A842F5D9641CA4B2B442EED9BDE8F8838A
:103BD0002DE9F04F95B014216846FCF77DFC1C21BF
:103BE00005A8FCF779FC1C210CA8FCF775FCC4485F
:103BF0000026016841F001010160006800F0010049
:103C00001390BF480838016841F020010160016845
:103C100001F020011391016841F040010160016849
:103C200001F040011391016841F008010160016851
:103C300001F008011391016841F008010160016879
:103C400001F008011391016841F008010160016869
:103C500001F008011391016841F008010160016859
:103C600001F008011391016841F008010160016849
:103C700001F008011391016841F008010160016839
:103C800001F008011391016841F010010160016821
:103C900001F010011391016841F010010160016809
:103CA00001F010011391016841F0100101600168F9
:103CB00001F010011391016841F0100101600168E9
:103CC00001F010011391016841F0100101600168D9
:103CD00001F010011391016841F0100101600168C9
:103CE00001F010011391016841F0100101600168B9
:103CF00001F010011391016841F0100101600168A9
:103D000001F010011391016841F010010160016898
:103D100001F010011391016841F008010160016890
:103D200001F008011391016841F008010160016888
:103D300001F008011391016841F008010160006879
:103D40004FF48057022400F00800CDE9007413906E
:103D50000C2569466B48CDE90345FEF7B5F9CDE979
:103D6000007469466848CDE90345FEF7ADF94FF0A8
:103D7000100ACDE900A469466448CDE90345FEF781
:103D8000A3F92020CDE9000469466048CDE9034548
:103D9000FEF79AF94FF48048CDE9008469465B4804
:103DA000CDE90345FEF790F94FF4004BCDE900B49F
:103DB00069465648CDE90345FEF786F90120CDE96D
:103DC000000469465148CDE90345FEF77DF90094AA
:103DD000019469464D48CDE90345FEF775F9802009
:103DE000CDE9000469464A48CDE90345FEF76CF980
:103DF000E001CDE9000469464548CDE90345FEF7F9
:103E000063F92002CDE9000469464148CDE9034544
:103E1000FEF75AF94FF48069CDE9009469463C48B1
:103E2000CDE90345FEF750F9A002CDE9000469464B
:103E30003748CDE90345FEF747F9CDE900746946F7
:103E40003348CDE90345FEF73FF92003CDE90004EF
:103E500069462F48CDE90345FEF736F9CDE90084E0
:103E600069462B48CDE90345FEF72EF9CDE900B4AC
:103E700069462748CDE90345FEF726F9E001CDE97B
:103E8000000469462148CDE90345FEF71DF92002EB
:103E9000CDE9000469461D48CDE90345FEF714F954
:103EA000CDE9009469461948CDE90345FEF70CF9C0
:103EB00018484FF020410CAA0160174941600621C3
:103EC000C0E90216C0E9046A8661C6610662C0E9FB
:103ED0000967C0E90B684663866346640F20059056
:103EE0003C20CDE90706CDE90B64CDE90E4605A9D6
:103EF00008481296FEF712FE15B0BDE8F08F0000DC
:103F0000383802400014024000180240000C024001
:103F10000010024040240120040100A030B587B009
:103F200014216846FCF7D8FA3248016841F00201D2
:103F3000016000684FF4004400F002000590012089
:103F4000CDE90040029002202B4D0390694628469F
:103F5000FEF7BAF8002221462846FEF7B2F9FFF72D
:103F600037FED420ADF80000BDF800004FF0D84275
:103F7000A2F87E00B2F88000B2F88000B2F88000AB
:103F80004FF6FF74B2F8801004EA0020C9B2014372
:103F900045F21030814217D0D321ADF80010BDF8A2
:103FA000001022F87E1F51885188518804EA0123AD
:103FB0005188C9B21943814206D0A1F5EE40963826
:103FC00002D0012007B030BD0C4801804FF4A07131
:103FD00041804FF4F071818000F012F8012002F06E
:103FE00071F92046FFF756FDFFF75FFDFFF74AFD29
:103FF0000020E7E73038024000040240D0000020F3
:104000002DE9F84FFE489627292600884425A0F57B
:10401000A6414FF0B6084FF0C1094FF0260B4FF004
:10402000110A10397ED0A0F5EE4196397BD1ADF85A
:1040300000A0BDF800004FF0D84424F87E0F78208F
:10404000FDF7DCFF3623ADF80030BDF8000020801E
:104050004820ADF80000BDF8000060803A20ADF8BF
:104060000000BDF8000020805520ADF80000BDF82C
:1040700000006080F020ADF80000BDF80010218045
:10408000C321ADF80010BDF800106180ADF800004C
:10409000BDF800102180ADF80070BDF800106180FF
:1040A000B421ADF80010BDF8001021800121ADF859
:1040B0000010BDF800106180ADF80080BDF8001060
:1040C00021800A21ADF80010BDF800106180A22106
:1040D000ADF80010BDF800106180B721ADF80010F8
:1040E000BDF800102180C621ADF80010BDF8001009
:1040F0006180B921ADF80010BDF8001021800221C7
:10410000ADF80010BDF800106180E021ADF800109E
:10411000BDF800206280C022ADF80020BDF800206C
:10412000228001E039E136E18022ADF80020BDF8BF
:10413000002062801622ADF80020BDF80070678074
:10414000ADF80090BDF8007027801927ADF8007019
:10415000BDF800C0A4F802C04FF0C20CADF800C01A
:10416000BDF800C0A4F800C04FF0A70CADF800C027
:10417000BDF800C0A4F802C04FF0C50CADF800C0F7
:10418000BDF800C0A4F800C0ADF80020BDF80020C4
:104190006280E822ADF80020BDF800202280402295
:1041A000ADF80020BDF8002062808A22ADF8002022
:1041B000BDF8002062800022ADF80020BDF800C0EC
:1041C000A4F802C0ADF80020BDF800206280ADF870
:1041D0000060BDF800206280ADF80070BDF80020DE
:1041E0006280A522ADF80020BDF800206280332255
:1041F000ADF80020BDF800206280ADF80010BDF8D9
:1042000000102180ADF80000BDF80010618007218A
:10421000ADF80010BDF8001061800D21ADF8001060
:10422000BDF8001061800421ADF80010BDF8001049
:1042300061800521ADF80010BDF8001061801421E7
:10424000ADF80010BDF800206280ADF80030BDF878
:10425000002062805422ADF80020BDF8002062806A
:104260004C22ADF80020BDF8003063803823ADF853
:104270000030BDF8003063801323ADF80030BDF886
:1042800000306380ADF80010BDF8003063802E234D
:10429000ADF80030BDF8003063803423ADF8003055
:1042A000BDF800306380E123ADF80030BDF8003088
:1042B0002380ADF80000BDF8003063801023ADF816
:1042C0000030BDF800706780ADF80010BDF8001038
:1042D00061800E21ADF80010BDF8001061800C2146
:1042E000ADF80010BDF8001061800821ADF8001095
:1042F000BDF8001061803521ADF80010BDF8001048
:104300006180ADF80050BDF800106180ADF800206C
:10431000BDF800106180ADF800B0BDF800106180FC
:10432000ADF80030BDF8001061801221ADF800102A
:10433000BDF8001061802C21ADF80010BDF8001010
:1043400061803221ADF80010BDF800106180ADF839
:104350000000BDF8001021803C21ADF80010BDF830
:1043600000106180ADF80000BDF8000020806920D9
:10437000ADF80000BDF8000060807820FDF73EFE3B
:104380002120ADF80000BDF800002080ADF80060ED
:10439000BDF800002080BDE8F88FED20ADF80000EA
:1043A000BDF800104FF0D840A0F87E100121ADF804
:1043B0000010BDF80010A0F88010FE21ADF800102C
:1043C000BDF80010A0F88010EE21ADF80010BDF887
:1043D0000010A0F87E10DE21ADF80010BDF800102E
:1043E000A0F880102121ADF80010BDF80010A0F851
:1043F0008010F121ADF80010BDF8001002E00000BF
:10440000D0000020A0F87E100121ADF80010BDF80A
:104410000010A0F88010DF21ADF80010BDF80010EA
:10442000A0F87E101021ADF80010BDF80010A0F823
:104430008010C421ADF80010BDF80010A0F87E1067
:104440008F21ADF80010BDF80010A0F88010C62133
:10445000ADF80010BDF80010A0F87E100024ADF8F3
:104460000040BDF80010A0F880104FF0E20EADF84B
:1044700000E0BDF80020A0F88020ADF800E0BDF815
:104480000020A0F88020ADF800E0BDF80010A0F8F2
:104490008010BF21ADF80010BDF80010A0F87E100C
:1044A000AA21ADF80010BDF80010A0F88010B021CE
:1044B000ADF80010BDF80010A0F87E100D21ADF889
:1044C0000010BDF80010A0F88010ADF80040BDF855
:1044D0000010A0F880100D21ADF80010BDF80010FC
:1044E000A0F88010ADF80040BDF80010A0F88010D2
:1044F000ADF800A0BDF80010A0F88010ADF80040A5
:10450000BDF80010A0F880101921ADF80010BDF81A
:104510000010A0F88010ADF80040BDF80010A0F821
:1045200080102121ADF80010BDF80010A0F8801017
:10453000ADF80040BDF80010A0F880102D21ADF8B6
:104540000010BDF80010A0F88010ADF80040BDF8D4
:104550000010A0F880103D21ADF80010BDF800104B
:10456000A0F88010ADF80040BDF80010A0F8801051
:104570005D21ADF80010BDF80010A0F88010ADF876
:104580000040BDF80010A0F880105D21ADF80010CB
:10459000BDF80010A0F88010ADF80040BDF8001084
:1045A000A0F88010B121ADF80010BDF80010A0F8FF
:1045B0007E108021ADF80010BDF80010A0F880102A
:1045C000ADF80040BDF80010A0F880108B21ADF8C8
:1045D0000010BDF80010A0F88010ADF80040BDF844
:1045E0000010A0F88010ADF80070BDF80010A0F821
:1045F0008010ADF80040BDF80010A0F88010B22186
:10460000ADF80010BDF80010A0F87E10ADF8004025
:10461000BDF80010A0F88010ADF80040BDF8001003
:10462000A0F880100221ADF80010BDF80010A0F82D
:104630008010ADF80040BDF80010A0F880100321F4
:10464000ADF80010BDF80010A0F88010ADF80040E3
:10465000BDF80010A0F88010B321ADF80010BDF82F
:104660000010A0F87E10ADF80040BDF80010A0F8D2
:104670008010ADF80040BDF80010A0F88010ADF833
:104680000040BDF80010A0F88010ADF80040BDF863
:104690000010A0F88010ADF80040BDF80010A0F8A0
:1046A0008010ADF80040BDF80010A0F88010ADF803
:1046B0000040BDF80010A0F88010ADF80040BDF833
:1046C0000010A0F88010ADF80040BDF80010A0F870
:1046D0008010ADF80040BDF80010A0F88010ADF8D3
:1046E0000040BDF80010A0F88010ADF80040BDF803
:1046F0000010A0F88010ADF80040BDF80010A0F840
:104700008010ADF80040BDF80010A0F88010ADF8A2
:104710000040BDF80010A0F88010ADF80040BDF8D2
:104720000010A0F88010ADF80040BDF80010A0F80F
:104730008010ADF80040BDF80010A0F88010ADF872
:104740000040BDF80010A0F88010ADF80040BDF8A2
:104750000010A0F88010ADF80040BDF80010A0F8DF
:104760008010ADF80040BDF80010A0F88010ADF842
:104770000040BDF80010A0F88010ADF80040BDF872
:104780000010A0F88010B421ADF80010BDF80010A2
:10479000A0F87E108B21ADF80010BDF80010A0F835
:1047A0008010ADF80040BDF80010A0F880109621F0
:1047B000ADF80010BDF80010A0F88010ADF8004072
:1047C000BDF80010A0F88010A121ADF80010BDF8D0
:1047D0000010A0F88010ADF80040BDF80010A0F85F
:1047E0008010B521ADF80010BDF80010A0F87E10C3
:1047F0000221ADF80010BDF80010A0F88010ADF84F
:104800000040BDF80010A0F880100321ADF80010A2
:10481000BDF80010A0F88010ADF80040BDF8001001
:10482000A0F880100422ADF80020BDF80010A0F818
:104830008010ADF80040BDF80010A0F88010ADF871
:104840000080BDF80010A0F87E10ADF80040BDF863
:104850000010A0F88010ADF80040BDF80010A0F8DE
:104860008010B721ADF80010BDF80010A0F87E1040
:10487000ADF80040BDF80010A0F88010ADF8004081
:10488000BDF80010A0F880103F21ADF80010BDF871
:104890000010A0F88010ADF80040BDF80010A0F89E
:1048A00080105E21ADF80010BDF80010A0F8801057
:1048B000ADF80040BDF80010A0F880106421ADF8FC
:1048C0000010BDF80010A0F88010ADF80040BDF851
:1048D0000010A0F880108C21ADF80010BDF8001079
:1048E000A0F88010ADF80040BDF80010A0F88010CE
:1048F000AC21ADF80010BDF80010A0F88010ADF8A4
:104900000040BDF80010A0F88010DC21ADF80010C8
:10491000BDF80010A0F88010ADF80040BDF8001000
:10492000A0F880107021ADF80010BDF80010A0F8BC
:104930008010ADF80040BDF80010A0F88010902164
:10494000ADF80010BDF80010A0F88010ADF80040E0
:10495000BDF80010A0F88010EB21ADF80010BDF8F4
:104960000010A0F88010ADF80040BDF80010A0F8CD
:104970008010DC21ADF80010BDF80010A0F8801008
:10498000ADF80040BDF80010A0F88010B821ADF8D7
:104990000010BDF80010A0F87E10ADF80040BDF882
:1049A0000010A0F88010ADF80040BDF80010A0F88D
:1049B0008010ADF80040BDF80010A0F88010ADF8F0
:1049C0000040BDF80010A0F88010ADF80040BDF820
:1049D0000010A0F88010ADF80040BDF80010A0F85D
:1049E0008010ADF80040BDF80010A0F88010ADF8C0
:1049F0000040BDF80010A0F88010BA21ADF80010FA
:104A0000BDF80010A0F87E102421ADF80010BDF80C
:104A10000030A0F88030ADF80040BDF80030A0F8BC
:104A20008030ADF80040BDF80030A0F88030ADF81F
:104A30000040BDF80030A0F88030ADF80090BDF81F
:104A40000030A0F87E302023ADF80030BDF80030F3
:104A5000A0F88030ADF80040BDF80030A0F88030FC
:104A60005423ADF80030BDF80030A0F88030ADF828
:104A70000040BDF80030A0F88030FF23ADF80030D2
:104A8000BDF80030A0F88030ADF80040BDF800302F
:104A9000A0F88030C223ADF80030BDF80030A0F897
:104AA0007E300A23ADF80030BDF80030A0F8803029
:104AB000ADF80040BDF80030A0F88030ADF800201F
:104AC000BDF80020A0F88020ADF80040BDF800201F
:104AD000A0F88020C322ADF80020BDF80020A0F887
:104AE0007E203C22ADF80020BDF80030A0F88030D8
:104AF000ADF80040BDF80030A0F880303A23ADF8A2
:104B00000030BDF80030A0F88030ADF80040BDF8AE
:104B10000030A0F880303923ADF80030BDF8003007
:104B2000A0F88030ADF80040BDF80030A0F880302B
:104B30003723ADF80030BDF80030A0F88030ADF874
:104B40000040BDF80030A0F88030ADF80020BDF87E
:104B50000030A0F88030ADF80040BDF80030A0F87B
:104B600080304FF0360CADF800C0BDF80030A0F832
:104B70008030ADF80040BDF80030A0F8803032231E
:104B8000ADF80030BDF80070A0F88070ADF80040BE
:104B9000BDF80070A0F880702F27ADF80070BDF848
:104BA0000070A0F88070ADF80040BDF80070A0F86B
:104BB00080702C27ADF80070BDF80070A0F88070F0
:104BC000ADF80040BDF80070A0F88070ADF800604E
:104BD000BDF80070A0F88070ADF80040BDF800701E
:104BE000A0F88070ADF800B0BDF80070A0F880703B
:104BF000ADF80040BDF80070A0F88070ADF800106E
:104C0000BDF80070A0F88070ADF80040BDF80070ED
:104C1000A0F88070ADF80010BDF80070A0F88070AA
:104C2000ADF80040BDF80070A0F880702327ADF803
:104C30000070BDF80070A0F88070ADF80040BDF8BD
:104C40000070A0F88070ADF80020BDF80020A0F83A
:104C50008020ADF80040BDF80020A0F8802036226A
:104C6000ADF80020BDF80020A0F88020ADF800408D
:104C7000BDF80020A0F88020ADF80030BDF800207D
:104C8000A0F88020ADF80040BDF80020A0F88020FA
:104C90002F22ADF80020BDF80020A0F88020ADF84C
:104CA0000040BDF80020A0F880202C22ADF80020A4
:104CB000BDF80020A0F88020ADF80040BDF800202D
:104CC000A0F880202922ADF80020BDF80020A0F82F
:104CD0008020ADF80040BDF80020A0F880202622FA
:104CE000ADF80020BDF80020A0F88020ADF800400D
:104CF000BDF80020A0F88020ADF80010BDF800201D
:104D0000A0F88020ADF80040BDF80020A0F8802079
:104D1000ADF80010BDF80010A0F88010ADF800400C
:104D2000BDF80010A0F880102321ADF80010BDF8E8
:104D30000010A0F88010ADF80040BDF80010A0F8F9
:104D40008010C422ADF80020BDF80010A0F87E103D
:104D50004FF0620BADF800B0BDF80010A0F8801065
:104D6000ADF80040BDF80010A0F880104FF0050825
:104D7000ADF80080BDF80010A0F88010ADF800403C
:104D8000BDF80010A0F880108421ADF80010BDF827
:104D90000010A0F88010ADF80040BDF80010A0F899
:104DA0008010F021ADF80010BDF80010A0F88010C0
:104DB000ADF80040BDF80010A0F880101821ADF843
:104DC0000010BDF80010A0F88010ADF80040BDF84C
:104DD0000010A0F88010A421ADF80010BDF800105C
:104DE000A0F88010ADF80040BDF80010A0F88010C9
:104DF0001821ADF80010BDF80010A0F88010ADF833
:104E00000040BDF80010A0F880105021ADF800104F
:104E1000BDF80010A0F88010ADF80040BDF80010FB
:104E2000A0F880100C21ADF80010BDF80010A0F81B
:104E30008010ADF80040BDF80010A0F880101721D8
:104E4000ADF80010BDF80010A0F88010ADF80040DB
:104E5000BDF80010A0F880109521ADF80010BDF845
:104E60000010A0F88010ADF80040BDF80010A0F8C8
:104E70008010F321ADF80010BDF80010A0F88010EC
:104E8000ADF80040BDF80010A0F88010E621ADF8A4
:104E90000010BDF80010A0F88010ADF80040BDF87B
:104EA0000010A0F88010C521ADF80010BDF800106A
:104EB000A0F87E10ADF80030BDF80010A0F880100A
:104EC000ADF80040BDF80010A0F88010ADF800501B
:104ED000BDF80010A0F88010ADF80040BDF800103B
:104EE000A0F880106521ADF80010BDF80010A0F802
:104EF0008010ADF80040BDF80010A0F880107621B9
:104F0000ADF80010BDF80010A0F88010ADF800401A
:104F1000BDF80010A0F880108821ADF80010BDF891
:104F20000010A0F88010ADF80040BDF80010A0F807
:104F30008010C621ADF80010BDF80010A0F87E105A
:104F40002021ADF80010BDF80010A0F88010ADF8D9
:104F50000040BDF80010A0F880101721ADF8001037
:104F6000BDF80010A0F88010ADF80040BDF80010AA
:104F7000A0F880100121ADF80010BDF80010A0F8D5
:104F80008010ADF80040BDF80010A0F88010C721D7
:104F9000ADF80010BDF80010A0F87E10ADF800408C
:104FA000BDF80010A0F88010ADF80040BDF800106A
:104FB000A0F88010ADF80040BDF80010A0F88010F7
:104FC000ADF80040BDF80010A0F88010C821ADF881
:104FD0000010BDF80010A0F87E10ADF80040BDF83C
:104FE0000010A0F88010ADF80040BDF80010A0F847
:104FF0008010ADF80040BDF80010A0F88010ADF8AA
:105000000040BDF80010A0F88010C921ADF80010D4
:10501000BDF80010A0F87E10ADF80040BDF80010FB
:10502000A0F88010ADF80040BDF80010A0F8801086
:10503000ADF80040BDF80010A0F88010ADF80040B9
:10504000BDF80010A0F88010ADF80040BDF80010C9
:10505000A0F88010ADF80040BDF80010A0F8801056
:10506000ADF80040BDF80010A0F88010ADF8004089
:10507000BDF80010A0F88010ADF80040BDF8001099
:10508000A0F88010ADF80040BDF80010A0F8801026
:10509000ADF80040BDF80010A0F88010ADF8004059
:1050A000BDF80010A0F88010ADF80040BDF8001069
:1050B000A0F88010ADF80040BDF80010A0F88010F6
:1050C000ADF80040BDF80010A0F88010ADF8004029
:1050D000BDF80010A0F88010E021ADF80010BDF878
:1050E0000030A0F87E301623ADF80030BDF8003057
:1050F000A0F88030ADF80040BDF80030A0F8803056
:105100001C23ADF80030BDF80070A0F88070ADF839
:105110000040BDF80070A0F880702127ADF8007045
:10512000BDF80070A0F88070ADF80040BDF80070C8
:10513000A0F88070ADF800C0BDF80070A0F88070D5
:10514000ADF80040BDF80070A0F880704627ADF8BB
:105150000070BDF80070A0F88070ADF80040BDF898
:105160000070A0F880705227ADF80070BDF8007094
:10517000A0F88070ADF80040BDF80070A0F8807015
:105180006427ADF80070BDF80070A0F88070ADF82D
:105190000040BDF80070A0F880707A27ADF800706C
:1051A000BDF80070A0F88070ADF80040BDF8007048
:1051B000A0F880708B27ADF80070BDF80070A0F8E3
:1051C0008070ADF80040BDF80070A0F8807099279D
:1051D000ADF80070BDF80070A0F88070ADF8004028
:1051E000BDF80070A0F88070A827ADF80070BDF879
:1051F0000070A0F88070ADF80040BDF80070A0F815
:105200008070B927ADF80070BDF80070A0F880700C
:10521000ADF80040BDF80070A0F88070ADF8002037
:10522000BDF80070A0F88070ADF80040BDF80070C7
:10523000A0F88070CA27ADF80070BDF80070A0F823
:105240008070ADF80040BDF80070A0F88070D227E3
:10525000ADF80070BDF80070A0F88070ADF80040A7
:10526000BDF80070A0F88070D927ADF80070BDF8C7
:105270000070A0F88070ADF80040BDF80070A0F894
:105280008070ADF80010BDF80070A0F88070ADF827
:105290000040BDF80070A0F880704FF0F30CADF83E
:1052A00000C0BDF80070A0F88070ADF80040BDF8F7
:1052B0000070A0F88070E127ADF80070BDF80070B4
:1052C000A0F87E701627ADF80070BDF80070A0F849
:1052D0008070ADF80040BDF80070A0F88070ADF8A7
:1052E0000030BDF80070A0F88070ADF80040BDF847
:1052F0000070A0F880702227ADF80070BDF8007033
:10530000A0F88070ADF80040BDF80070A0F8807083
:105310003627ADF80070BDF80070A0F88070ADF8C9
:105320000040BDF80070A0F880704527ADF800700F
:10533000BDF80070A0F88070ADF80040BDF80070B6
:10534000A0F880705227ADF80070BDF80070A0F88A
:105350008070ADF80040BDF80070A0F88070642740
:10536000ADF80070BDF80070A0F88070ADF8004096
:10537000BDF80070A0F880707A27ADF80070BDF815
:105380000070A0F88070ADF80040BDF80070A0F883
:1053900080708B27ADF80070BDF80070A0F88070A9
:1053A000ADF80040BDF80070A0F880709927ADF806
:1053B0000070BDF80070A0F88070ADF80040BDF836
:1053C0000070A0F88070A827ADF80070BDF80070DC
:1053D000A0F88070ADF80040BDF80070A0F88070B3
:1053E000B927ADF80070BDF80070A0F88070ADF876
:1053F0000040BDF80070A0F88070C427ADF80070C0
:10540000BDF80070A0F88070ADF80040BDF80070E5
:10541000A0F88070CA27ADF80070BDF80070A0F841
:105420008070ADF80040BDF80070A0F88070D22701
:10543000ADF80070BDF80070A0F88070ADF80040C5
:10544000BDF80070A0F88070D827ADF80070BDF8E6
:105450000070A0F88070ADF80040BDF80070A0F8B2
:105460008070ADF80010BDF80010A0F88010ADF805
:105470000040BDF80010A0F88010ADF800C0BDF8E5
:105480000010A0F88010ADF80040BDF80010A0F8A2
:105490008010ADF800E0BDF80010A0F87E10ADF867
:1054A0000080BDF80010A0F88010ADF80040BDF8F5
:1054B0000010A0F880100B21ADF80010BDF800100E
:1054C000A0F88010ADF80040BDF80010A0F88010E2
:1054D0001B21ADF80010BDF80010A0F88010ADF849
:1054E0000040BDF80010A0F880103421ADF8001085
:1054F000BDF80010A0F88010ADF80040BDF8001015
:10550000A0F88010ADF80050BDF80010A0F8801091
:10551000ADF80040BDF80010A0F880104F21ADF8A4
:105520000010BDF80010A0F88010ADF80040BDF8E4
:105530000010A0F880106121ADF80010BDF8001037
:10554000A0F88010ADF80040BDF80010A0F8801061
:105550007921ADF80010BDF80010A0F88010ADF86A
:105560000040BDF80010A0F880104FF08809ADF899
:105570000090BDF80010A0F88010ADF80040BDF814
:105580000010A0F880104FF09708ADF80080BDF82B
:105590000010A0F88010ADF80040BDF80010A0F891
:1055A00080104FF0A60EADF800E0BDF80010A0F896
:1055B0008010ADF80040BDF80010A0F88010B727AB
:1055C000ADF80070BDF80010A0F88010ADF80040F4
:1055D000BDF80010A0F88010C221ADF80010BDF891
:1055E0000010A0F88010ADF80040BDF80010A0F841
:1055F0008010C721ADF80010BDF80010A0F8801091
:10560000ADF80040BDF80010A0F88010D121ADF831
:105610000010BDF80010A0F88010ADF80040BDF8F3
:105620000010A0F88010D621ADF80010BDF80010D1
:10563000A0F88010ADF80040BDF80010A0F8801070
:10564000DD21ADF80010BDF80010A0F88010ADF815
:105650000040BDF80010A0F88010ADF800C0BDF803
:105660000010A0F88010ADF80040BDF80010A0F8C0
:105670008010E321ADF80010BDF80010A0F87E10F6
:105680000521ADF80010BDF80010A0F88010ADF8AD
:105690000040BDF80010A0F880100A21ADF80010FD
:1056A000BDF80010A0F88010ADF80040BDF8001063
:1056B000A0F88010ADF80030BDF80010A0F8801000
:1056C000ADF80040BDF80010A0F880103321ADF80F
:1056D0000010BDF80010A0F88010ADF80040BDF833
:1056E0000010A0F88010ADF80050BDF80010A0F830
:1056F0008010ADF80040BDF80010A0F880105021D7
:10570000ADF80010BDF80010A0F88010ADF8004012
:10571000BDF80010A0F88010ADF800B0BDF8001082
:10572000A0F88010ADF80040BDF80010A0F880107F
:105730007821ADF80010BDF80010A0F88010ADF889
:105740000040BDF80010A0F88010ADF80090BDF842
:105750000010A0F88010ADF80040BDF80010A0F8CF
:105760008010ADF80080BDF80010A0F88010ADF8F2
:105770000040BDF80010A0F88010ADF800E0BDF8C2
:105780000010A0F88010ADF80040BDF80010A0F89F
:105790008010ADF80070BDF80010A0F88010ADF8D2
:1057A0000040BDF80010A0F88010C221ADF8001034
:1057B000BDF80010A0F88010ADF80040BDF8001052
:1057C000A0F88010C721ADF80010BDF80010A0F8B7
:1057D0008010ADF80040BDF80010A0F88010D12175
:1057E000ADF80010BDF80010A0F88010ADF8004032
:1057F000BDF80010A0F88010D521ADF80010BDF85C
:105800000010A0F88010ADF80040BDF80010A0F81E
:105810008010DD21ADF80010BDF80010A0F8801058
:10582000ADF80040BDF80010A0F88010E6467146C3
:10583000ADF800E0BDF80030A0F88030ADF80040D1
:10584000BDF80030A0F88030E423ADF80030BDF89A
:105850000030A0F87E300123ADF80030BDF80030F4
:10586000A0F88030ADF80040BDF80030A0F88030DE
:105870000123ADF80030BDF80030A0F88030ADF85D
:105880000040BDF80030A0F880300223ADF80030B1
:10589000BDF80030A0F88030ADF80040BDF8003011
:1058A000A0F880302A23ADF80030BDF80030A0F811
:1058B0008030ADF80040BDF80030A0F880303C23C7
:1058C000ADF80030BDF80030A0F88030ADF80040F1
:1058D000BDF80030A0F880304B23ADF80030BDF8A3
:1058E0000030A0F88030ADF80040BDF80030A0F8DE
:1058F00080305D23ADF80030BDF80030A0F8803076
:10590000ADF80040BDF80030A0F880307423ADF849
:105910000030BDF80030A0F88030ADF80040BDF890
:105920000030A0F880308423ADF80030BDF800309E
:10593000A0F88030ADF80040BDF80030A0F880300D
:105940009323ADF80030BDF80030A0F88030ADF8FA
:105950000040BDF80030A0F88030A223ADF8003040
:10596000BDF80030A0F88030ADF80040BDF8003040
:10597000A0F88030B323ADF80030BDF80030A0F8B7
:105980008030ADF80040BDF80030A0F88030BE2374
:10599000ADF80030BDF80030A0F88030ADF8004020
:1059A000BDF80030A0F88030ADF80020BDF8002030
:1059B000A0F88020ADF80040BDF80020A0F88020BD
:1059C000CD22ADF80020BDF80020A0F88020ADF871
:1059D0000040BDF80020A0F88020D322ADF80020C0
:1059E000BDF80020A0F88020ADF80040BDF80020F0
:1059F000A0F88020DD22ADF80020BDF80020A0F83E
:105A00008020ADF80040BDF80020A0F88020ADF85F
:105A10000010BDF80020A0F88020ADF80040BDF8CF
:105A20000020A0F88020E522ADF80020BDF800207D
:105A3000A0F87E20ADF80040BDF80020A0F880203E
:105A4000ADF80040BDF80020A0F88020ADF800407F
:105A5000BDF80020A0F88020ADF80040BDF800207F
:105A6000A0F880200222ADF80020BDF80020A0F8A8
:105A70008020ADF80040BDF80020A0F88020ADF8EF
:105A80000060BDF80020A0F88020ADF80040BDF80F
:105A90000020A0F880203C22ADF80020BDF80020B6
:105AA000A0F88020ADF80040BDF80020A0F88020CC
:105AB0004B22ADF80020BDF80020A0F88020ADF802
:105AC0000040BDF80020A0F880205D22ADF8002045
:105AD000BDF80020A0F88020ADF80040BDF80020FF
:105AE000A0F880207422ADF80020BDF80020A0F8B6
:105AF0008020ADF80040BDF80020A0F8802084226E
:105B0000ADF80020BDF80020A0F88020ADF80040DE
:105B1000BDF80020A0F880209322ADF80020BDF849
:105B20000020A0F88020ADF80040BDF80020A0F8CB
:105B30008020A222ADF80020BDF80020A0F880202F
:105B4000ADF80040BDF80020A0F88020B322ADF8E9
:105B50000020BDF80020A0F88020ADF80040BDF87E
:105B60000020A0F88020BE22ADF80020BDF8002063
:105B7000A0F88020ADF80040BDF80020A0F88020FB
:105B8000C422ADF80020BDF80020A0F88020ADF8B8
:105B90000040BDF80020A0F88020CD22ADF8002004
:105BA000BDF80020A0F88020ADF80040BDF800202E
:105BB000A0F88020D322ADF80020BDF80020A0F886
:105BC0008020ADF80040BDF80020A0F88020DC2245
:105BD000ADF80020BDF80020A0F88020ADF800400E
:105BE000BDF80020A0F88020ADF80010BDF800102E
:105BF000A0F88010ADF80040BDF80010A0F88010AB
:105C0000E621ADF80010BDF80010A0F87E101121BB
:105C1000ADF80010BDF80010A0F88010ADF80040FD
:105C2000BDF80010A0F880103421ADF80010BDF8C8
:105C30000010A0F88010ADF80040BDF80010A0F8EA
:105C400080104FF0560BADF800B0BDF80010A0F872
:105C50008010ADF80040BDF80010A0F880104FF0A3
:105C6000760CADF800C0BDF80010A0F88010ADF8BB
:105C70000040BDF80010A0F880107721ADF80010AA
:105C8000BDF80010A0F88010ADF80040BDF800107D
:105C9000A0F880106621ADF80010BDF80010A0F843
:105CA0008010ADF80040BDF80010A0F880108821E9
:105CB000ADF80010BDF80010A0F88010ADF800405D
:105CC000BDF80010A0F880109921ADF80010BDF8C3
:105CD0000020A0F88020ADF80040BDF80020A0F81A
:105CE0008020BB23ADF80030BDF80020A0F8802054
:105CF000ADF80040BDF80020A0F88020ADF80010FD
:105D0000BDF80020A0F88020ADF80040BDF80020CC
:105D1000A0F880206622ADF80020BDF80020A0F891
:105D20008020ADF80040BDF80020A0F880204FF0A2
:105D30005508ADF80080BDF80020A0F88020ADF82F
:105D40000040BDF80020A0F88020ADF80080BDF82C
:105D50000020A0F88020ADF80040BDF800200746E4
:105D600027F8802F4FF0450AADF800A0BDF80000DD
:105D700027F80209ADF80040BDF800007880432004
:105D8000ADF80000BDF800007880ADF80040BDF827
:105D900000007880ADF80050BDF800007880ADF8C4
:105DA0000040BDF800007880E720ADF80000BDF8A5
:105DB000000038803220ADF80000BDF80000788087
:105DC000ADF80040BDF800007880ADF80080BDF867
:105DD00000007880ADF80040BDF800007880ADF894
:105DE00000C0BDF800007880ADF80040BDF80000AC
:105DF00078806620ADF80000BDF800207A80ADF80C
:105E00000040BDF800207A804FF0670CADF800C06C
:105E1000BDF800207A80ADF80040BDF800207A80FF
:105E2000ADF800C0BDF800207A80ADF80040BDF8A4
:105E300000207A804FF0870CADF800C0BDF800203C
:105E40007A80ADF80040BDF800207A80ADF80010EF
:105E5000BDF800207A80ADF80040BDF800207A80BF
:105E6000BB22ADF80020BDF800207A80ADF80040DC
:105E7000BDF800207A80ADF80010BDF800207A80CF
:105E8000ADF80040BDF800207A807722ADF8002000
:105E9000BDF800307B80ADF80040BDF800307B805D
:105EA000ADF80050BDF800307B80ADF80040BDF883
:105EB00000307B80ADF800B0BDF800307B80ADF8DD
:105EC0000040BDF800307B802323ADF80030BDF8E2
:105ED00000307B80ADF80040BDF800307B8033237C
:105EE000ADF80030BDF800307B80ADF80040BDF863
:105EF00000307B80ADF800A0BDF800307B80ADF8AD
:105F00000040BDF800307B80E823ADF80030BDF8DC
:105F100000303B80ADF80040BDF800307B80ADF82C
:105F20000040BDF800307B80ADF80010BDF80030B7
:105F30007B80ADF80040BDF800307B80ADF800C03C
:105F4000BDF800307B80ADF80040BDF800307B80AC
:105F5000ADF80090BDF800307B80ADF80040BDF892
:105F600000307B80ADF80020BDF800207A80ADF8CD
:105F70000040BDF800207A80ADF80000BDF8002098
:105F80007A80ADF80040BDF800207A80ADF800902E
:105F9000BDF800207A80ADF80040BDF800207A807E
:105FA000AA22ADF80020BDF800307B80ADF800409B
:105FB000BDF800307B80BB23ADF80030BDF8003069
:105FC0007B80ADF80040BDF800307B80ADF800105C
:105FD000BDF800107980ADF80040BDF80010798060
:105FE000ADF80000BDF800007880ADF80040BDF8C5
:105FF00000007880ADF80080BDF800007880ADF832
:106000000040BDF800007880ADF80080BDF80000C9
:106010007880ADF80040BDF800007880ADF8005001
:10602000BDF800007880ADF80040BDF80000788031
:10603000ADF80050BDF800007880ADF80040BDF824
:1060400000007880ADF80080BDF800007880ADF8E1
:106050000040BDF800007880E920ADF80000BDF8F0
:1060600000003880ADF80020BDF800007880ADF861
:106070000040BDF800007880ADF80040BDF8000099
:106080007880ADF80040BDF800007880ADF80040A1
:10609000BDF800003880ADF80020BDF80000788021
:1060A000CF20ADF80000BDF800003880ADF800400A
:1060B000BDF800007880ADF80040BDF800007880A1
:1060C000ADF80040BDF800007880ADF80040BDF8A4
:1060D00000007880ADF80040BDF800007880ADF891
:1060E0000040BDF800007880ADF80040BDF8000029
:1060F0007880ADF80040BDF800007880ADF8004031
:10610000BDF800007880ADF80040BDF80000788050
:10611000ADF80040BDF800007880ADF80040BDF853
:1061200000007880ADF80040BDF800007880ADF840
:106130000040BDF800007880ADF80040BDF80000D8
:106140007880ADF80040BDF800007880ADF80040E0
:10615000BDF800007880F020ADF80000BDF8000028
:106160003880ADF80040BDF8000078805020ADF8D0
:106170000000BDF800007880ADF80040BDF80000D8
:106180007880ADF80040BDF800007880ADF80040A0
:10619000BDF800007880ADF800E0BDF80000388060
:1061A000ADF80040BDF800007880F920ADF800009F
:1061B000BDF8000038800620ADF80000BDF80000F2
:1061C00078801020ADF80000BDF800007880ADF8B0
:1061D0000060BDF800007880ADF80040BDF8000018
:1061E00078803A20ADF80000BDF800003880ADF8A6
:1061F0000080BDF8000078801120ADF80000BDF8E7
:10620000000038806420FBF7F9FEADF80060BDF8AF
:10621000000038803520ADF80000BDF8000038805F
:10622000ADF80040BDF8000078805120ADF80000C6
:10623000BDF800003880FF20ADF80000BDF8000078
:1062400078805320ADF80000BDF8000038802C2085
:10625000ADF80000BDF800107980ADF80080BDF801
:10626000001039808221ADF80010BDF8001079804F
:10627000ADF80000BDF800003880BDE8F88F08B523
:106280002A22ADF80020BDF800304FF0D84222F8A5
:106290007E3F030AADF80030BDF800305380C0B235
:1062A000ADF80000BDF800005080080AADF800000D
:1062B000BDF800005080C8B2ADF80000BDF8000085
:1062C000508008BD10B50C494FF4A0724FF4F07324
:1062D00038B1012808D0022803D0032804D00220B6
:1062E00010BD4A808B8001E04B808A80C8710020FD
:1062F00000F028F8002010BDD000002008B52B22A7
:10630000ADF80020BDF800304FF0D84222F87E3FB3
:10631000030AADF80030BDF800305380C0B2ADF8CC
:106320000000BDF800005080080AADF80000BDF87C
:1063300000005080C8B2ADF80000BDF800005080E9
:1063400008BD00001CB5324CE17961B3012905D0CC
:1063500002290FD0032919D001201CBD10F01F0FF6
:1063600053D14011082850D2DFE800F0222A1E281D
:1063700020261C2410F01F0F47D14011082844D2BA
:10638000DFE800F01C1218101E161A1410F01F0F70
:106390003BD14011082838D2DFE800F0040C080E89
:1063A00006100A12A0200CE0E0200AE0202008E0FD
:1063B000602006E0802004E0002002E0C02000E031
:1063C0004020A0712188A1F5EE42963A01D140F01B
:1063D00008003621ADF80010ADF80400BDF800103B
:1063E0004FF0D84020F87E1FBDF80410418060882F
:1063F000401E81B20020FFF742FFA088401E81B2FC
:106400000020FFF77BFF00201CBD02201CBD000008
:10641000D00000202DE9FF4F4FF0000B203A81B053
:106420005C46D0B263B1012B13D0022B24D0032BD6
:1064300055D12C49202501EB801A102040210EE077
:10644000294900EB400001EB800A06200C25294673
:1064500005E0264901EB001A082010252946884648
:1064600001990844B0F5F07F39D802982844B0F576
:10647000A07F34D8002630E01D4900EBC00001EBBE
:10648000800A0C2018252421E9E700BF01991AF899
:10649000067001EB0B004FF000090090380607D59D
:1064A00002980E9A204481B2009880B2FDF754FB06
:1064B000641CE4B2AC4205D10BF10100002400F0F1
:1064C000FF0B08E07806070E09F1010000F0FF0954
:1064D000B9F1080FE2D3761CF6B24645D6D305B023
:1064E000BDE8F08F82820008C26A0008366F00089B
:1064F000267500082DE9FC5F0446DDE90C800D4699
:10650000E0B101281DD002281ED003283BD110265F
:106510002027A018421C4FF4F071A14601958A4231
:1065200000D811461FFA81FBE818421C4FF4A071F5
:106530008A4200D811461FFA81FA1EE006260C276F
:10654000E7E708261027E4E70C261827E1E7A1195A
:10655000594502D3E8194C4685B2E919514501D392
:10656000019C4D460E980090294620460D9BFFF752
:1065700051FFA01984B208F1010898F80020A2F197
:1065800020005E28E3D9BDE8FC9F08B52C20ADF8BB
:106590000000BDF800004FF0D841A1F87E0008BD12
:1065A00070B50C462DED028B90B00646B0EE408AD9
:1065B000154614216846F9F78FFFA1B20123002286
:1065C00005A8FAF7FBF800231849DFED190A0CE0DB
:1065D00035F8130001EE100A01EBC3005B1CB8EEA6
:1065E000411A80ED001AC0ED010AA342F0D30F4911
:1065F00005A8FAF7C2F822460E490C48FAF728F91E
:10660000B0EE480A22460B490AA8FDF7B3F9142256
:106610000AA96846F9F72EFF142269463046F9F7B1
:1066200029FF10B0BDEC028B70BD00002C240020AF
:10663000000000002CA400200C494A6C012A07D15C
:106640004A69104442F210724861904200D94A618E
:10665000486932225043064AB2FBF0F0401E0861FE
:1066600004490A68D062C86070470000000000203A
:1066700000BD0105400300202DE9F041384F1021F5
:106680002DED028B3846FBF717FE9FED368A01256C
:10669000354C002618B1A662206EA0B116E0B0EE0F
:1066A000480AFAF771FE10213846FBF705FE00286C
:1066B000F2D1A06A18B9606A18B100206062A562C0
:1066C000EAE70120FAE7A06A012809D066640821F8
:1066D0003846FBF7F1FD28B12663A06DB0B118E094
:1066E0006564F4E7B0EE480AFAF74EFE0821384632
:1066F000FBF7E2FD0028F0D1206B18B9E06A18B171
:106700000020E0622563E8E70120FAE7206B01281A
:1067100010D0A66404213846FBF7CEFD60B1A66315
:10672000206BA065A06BE065A06A2066BDEC028BC3
:10673000BDE8F081A564EDE7B0EE480AFAF724FE63
:1067400004213846FBF7B8FD0028E9D1A06B18B941
:10675000606B18B100206063A563E1E70120FAE7F0
:1067600000100240CDCC4C3D00000020F7EE001A96
:1067700021EE000A31EEC11A01EE200A7047000036
:106780002DED028B98B0FBF7A7FEFCF7FBFE4FF454
:106790007A70FBF733FCFCF765FDFCF7FDFCFCF7BA
:1067A000CBFDFCF7E9FDFCF77FFEFCF7CFFCFCF727
:1067B000AFFEFCF71FFDFCF745FEFCF797FC4FF41E
:1067C000FA742046FBF71AFCA820FAF719FEFDF729
:1067D000A5FB4FF6FF70FDF75DF9FAF7DFFE042128
:1067E0004D48FCF71DFC4C480068846300F002F93A
:1067F0006420FBF703FCDFF82481DFF824B14FF4B9
:1068000000594FF0050A4FF4E1764FF480559FEDA3
:10681000458A454C032744481830FAF7CFFD94EDDC
:106820000F0A3E4A2946B8EEC00A13A8FFF7B8FE81
:10683000142213A93D48F9F71DFE95FBFAF0A58136
:10684000A4F80E90CDE9008078233246BE21322094
:10685000FAF7FCFDB4F90E107823CDE900B1324609
:106860001E213220FAF730FE94F82000C00704D130
:10687000FFF702FF6420FFF7DFFE206A90FBF7F1CD
:1068800007FB110048B94FF6FF7000210090282344
:106890004FF496720846FDF775F929461F4800F037
:1068A00075F884ED150A94ED101AD4ED130AFFF76C
:1068B0005DFF1D4884ED140A84ED130A1830FAF7C1
:1068C0007DFD38EE400A84ED070AB5EEC00AF1EE10
:1068D00010FA01DBFAF758FD206A15A2401C20626D
:1068E0001248402190ED010ABDEEC00A10EE100AD8
:1068F00003B2638103A8F9F733FD03A9CDE90017BB
:106900004FF478400290002128234FF496720846F5
:10691000FFF7F0FD7FE70000F802002018040020D8
:106920002CA400206F12833A000000202C240120A8
:106930006D61696E5F667265713A202564000000C2
:10694000002902DC9FED0F0A704790ED000A01223A
:106950000CE000BF00EB8203D3ED000AF4EEC00AA6
:10696000F1EE10FA01DDB0EE600A521C8A42F1DB52
:10697000F0EE000A20EE200ADFED030A20EE200AE6
:10698000704700000000000000008039002902DC90
:106990009FED170A70470288012300EE102AF8EED7
:1069A000400A00EE102AB8EE400A1CE030F813202E
:1069B00001EE102AB8EE411AB4EEE01AF1EE10FA28
:1069C00003DD00EE902AF8EE600A01EE102AB8EE20
:1069D000411AB4EEC01AF1EE10FA03D200EE102AFA
:1069E000B8EE400A5B1C8B42E0DB30EEC00A704719
:1069F0000000000038B50B48FCF7AAF90A48FCF77C
:106A0000A7F900243223094A214609480094FBF7DC
:106A100013F93223054A102105480094FBF70CF9BD
:106A200038BD000040030020D00300203E6A00086B
:106A3000800100204FF04070E1EE100A704700081E
:106A40000109FD09F20ADA0BB30C790D290EC00E0B
:106A50003C0F9B0FDB0FFB0FDB0F3C0FC00E290E13
:106A6000790DB30CDA0BF20AFD0901090008FF06E3
:106A700003060E0526044D038702D7014001C4001A
:106A800065002500050025006500C4004001D70110
:106A900087024D0326040E050306FF0600080000CA
:106AA000000000061016000610160000000000008E
:106AB00000000102030406070809000000000102AB
:106AC00003040000000000000000000000000000BF
:106AD00000003F40000000000000000030004000C7
:106AE00030004000000009000BC03D000BC03D001D
:106AF000090018C024407FE02240318000001800C7
:106B000024C01B000D803240018003801C402740C0
:106B10001C800740004010006000000000000000E2
:106B200000000000000000001F8020404020000006
:106B3000402020401F8000000000090006001F8048
:106B4000060009000000040004003F800400040067
:106B500000000010006000000000000000000400C1
:106B600004000400040004000000000000400000D5
:106B7000000000000000002001C0060038004000B6
:106B800000001F802040204020401F8000000000A7
:106B900010403FC000400000000018C021402240CB
:106BA00024401840000010802040244024401B80D6
:106BB000000002000D0011003FC0014000003C80B9
:106BC000244024402440238000001F80244024408F
:106BD0003440038000003000200027C0380020002F
:106BE00000001B802440244024401B8000001C0027
:106BF00022C0224022401F80000000000000084008
:106C00000000000000000000000004600000000020
:106C10000000000004000A0011002080404009002C
:106C20000900090009000900000000004040208020
:106C300011000A000400180020002340240018005E
:106C400000001F802040274029401F4000000040D6
:106C500007C039000F0001C0004020403FC0244061
:106C600024401B8000001F802040204020403080B6
:106C7000000020403FC0204020401F8000002040F6
:106C80003FC024402E4030C0000020403FC0244080
:106C90002E00300000000F00108020402240338082
:106CA000020020403FC0040004003FC020402040BC
:106CB00020403FC0204020400000006020202020D5
:106CC0003FC02000200020403FC024400B0030C0C7
:106CD000204020403FC020400040004000C03FC056
:106CE0003C0003C03C003FC0000020403FC00C40BF
:106CF00023003FC020001F802040204020401F80F4
:106D0000000020403FC024402400180000001F80E5
:106D10002140214020E01FA0000020403FC024402F
:106D2000260019C0004018C0244024402240318071
:106D30000000300020403FC0204030000000200014
:106D40003F80004000403F80200020003E0001C006
:106D5000070038002000380007C03C0007C038009A
:106D60000000204039C0060039C02040000020004B
:106D7000384007C0384020000000304021C0264085
:106D8000384020C00000000000007FE0402040208C
:106D90000000000070000C000380004000000000B4
:106DA000402040207FE00000000000002000400064
:106DB0002000000000000010001000100010001063
:106DC0000010000000004000000000000000000073
:106DD00002800540054003C0004020003FC0044041
:106DE000044003800000000003800440044006408B
:106DF000000000000380044024403FC00040000029
:106E000003800540054003400000000004401FC00F
:106E1000244024402000000002E0055005500650A8
:106E2000042020403FC00440040003C00040000094
:106E3000044027C0004000000000001000100410B3
:106E400027E00000000020403FC00140070004C0D0
:106E50000440204020403FC000400040000007C0E8
:106E6000040007C0040003C00000044007C0044041
:106E7000040003C00040000003800440044003807D
:106E80000000041007F004500440038000000000DC
:106E900003800440045007F00010044007C0024083
:106EA000040004000000000006400540054004C046
:106EB0000000000004001F800440004000000400A7
:106EC00007800040044007C000400400070004C0E1
:106ED000018006000400060001C0070001C0060092
:106EE0000000044006C0010006C004400000041079
:106EF000071004E00180060004000000044005C003
:106F00000640044000000000000004007BE0402038
:106F10000000000000000000FFF000000000000082
:106F200040207BE0040000000000400080004000A2
:106F300020002000400000000000000000000000D1
:106F40000000000000000000000000001FCC000C4A
:106F50000000000000000000080030006000080091
:106F6000300060000000022003FC1E20022003FC11
:106F70001E200220000000000E1811043FFF1084A4
:106F80000C78000000000F0010840F3800C0077854
:106F900018840078000000780F8410C411240E9823
:106FA00000E4008400080800680070000000000091
:106FB00000000000000000000000000007E01818BA
:106FC000200440020000000040022004181807E0DE
:106FD0000000000000000240024001800FF001802C
:106FE0000240024000000080008000800FF8008016
:106FF0000080008000000001000D000E0000000075
:107000000000000000000000008000800080008080
:107010000080008000800000000C000C00000000D8
:107020000000000000000000000600180060018061
:10703000060018002000000007F0080810041004E3
:10704000080807F000000000080408041FFC000402
:1070500000040000000000000E0C10141024104466
:1070600011840E0C000000000C181004110411040F
:1070700012880C700000000000E0032004240824A3
:107080001FFC0024000000001F981084110411044C
:10709000108810700000000007F008881104110427
:1070A00018880070000000001C00100010FC130085
:1070B0001C001000000000000E38114410841084E1
:1070C00011440E38000000000700088C10441044E2
:1070D000088807F00000000000000000030C030C0B
:1070E0000000000000000000000000010106000098
:1070F0000000000000000000008001400220041099
:1071000008081004000002200220022002200220B1
:1071100002200220000000001004080804100220D1
:1071200001400080000000000E001200100C106CE6
:1071300010800F00000003E00C1813E4142417C49F
:10714000082807D000000004003C03C41C4007408E
:1071500000E4001C000410041FFC110411041104BD
:107160000E880070000003E00C18100410041004D6
:1071700010081C10000010041FFC10041004100460
:10718000080807F0000010041FFC1104110417C4C4
:1071900010040818000010041FFC1104110017C08F
:1071A00010000800000003E00C1810041004104444
:1071B0001C780040000010041FFC10840080008038
:1071C00010841FFC10040000100410041FFC1004A5
:1071D00010040000000000030001100110011FFE58
:1071E00010001000000010041FFC11040380146440
:1071F000181C1004000010041FFC100400040004FC
:107200000004000C000010041FFC1F0000FC1F0005
:107210001FFC1004000010041FFC0C04030000E01D
:1072200010181FFC100007F00808100410041004C8
:10723000080807F0000010041FFC10841080108064
:1072400010800F00000007F0081810241024101CF4
:10725000080A07F2000010041FFC1104110011C0FD
:1072600011300E0C000400000E1C11041084108458
:1072700010441C3800001800100010041FFC1004FB
:1072800010001800000010001FF810040004000493
:1072900010041FF8100010001E0011E0001C007008
:1072A00013801C0010001FC0103C00E01F0000E015
:1072B000103C1FC000001004180C163401C001C09F
:1072C0001634180C100410001C00130400FC1304E6
:1072D0001C00100000000804101C1064108413042B
:1072E0001C04101800000000000000007FFE400297
:1072F000400240020000000030000C0003800060EB
:10730000001C0003000000004002400240027FFE1B
:1073100000000000000000000000200040004000CD
:1073200040002000000000010001000100010001F8
:1073300000010001000100004000400020000000AA
:1073400000000000000000000098012401440144F6
:10735000014400FC000410001FFC0088010401042B
:107360000088007000000000007000880104010423
:10737000010400880000000000700088010401047E
:1073800011081FFC0004000000F8014401440144FE
:10739000014400C800000000010401040FFC1104B6
:1073A000110411001800000000D60129012901294B
:1073B00001C90106000010041FFC00840100010047
:1073C000010400FC000400000104190419FC00047D
:1073D0000004000000000000000300010101190189
:1073E00019FE0000000010041FFC0024004001B43E
:1073F000010C010400000000100410041FFC000434
:10740000000400000000010401FC0104010001FC73
:107410000104010000FC010401FC008401000100E2
:10742000010400FC0004000000F801040104010450
:10743000010400F80000010101FF008501040104BE
:107440000088007000000000007000880104010442
:10745000010501FF00010104010401FC0084010495
:10746000010001800000000000CC0124012401245F
:1074700001240198000000000100010007F8010448
:10748000010400000000010001F8000400040004F1
:10749000010801FC0004010001800170000C0010D3
:1074A00001600180010001F0010C003001C00030DA
:1074B000010C01F0010000000104018C0074017056
:1074C000018C01040000010101810171000E00180E
:1074D00001600180010000000184010C01340144BD
:1074E0000184010C00000000000000000000010009
:1074F0003EFC400240020000000000000000FFFFD0
:107500000000000000000000400240023EFC0100BC
:1075100000000000000000006000800080004000CB
:1075200040002000200000000000000000000000DB
:10753000000000000000000000000000000000004B
:10754000000000000000000000000000000000003B
:107550000000000000000000000F80380FFE380F10
:107560008038000000000000000000000000000063
:10757000000000000100000600000C0000380000C0
:107580003100000600000C00003800003000000050
:1075900000000000000061800067F807F9800061CA
:1075A000800061800061800061800067F807F980D9
:1075B00000618000000000000000000001C0E00346
:1075C000E0F00630080418081FFFFE040E080787C5
:1075D000F00381E000000000000001F000060C0054
:1075E000040408060C7001F9C0000E00003BE00026
:1075F000EC18070808040C180003E0000000000164
:10760000E00007F003F818041C0804170807E1D08D
:1076100003C0E00023B0003C080020080000100078
:1076200000000000000100003100003200001C00DA
:10763000000000000000000000000000000000004A
:10764000000000000000000000000000000000003A
:107650000000000000007F0001FFC00780F00C0068
:1076600018100004200002000000000000200002AA
:107670001000040C00180780F001FFC0007F00001C
:1076800000000000000000000000000000000000FA
:1076900000004200006600006600003C0000180088
:1076A00003FFC0001800003C0000660000660000F8
:1076B0004200000000000800000800000800000868
:1076C0000000080001FFC0000800000800000800DA
:1076D0000008000008000000000000010000310068
:1076E000003200001C00000000000000000000004C
:1076F0000000000000000000000000000000080082
:107700000008000008000008000008000008000051
:107710000800000800000800000800000000000049
:1077200000000000000038000038000038000000B1
:107730000000000000000000000000000000000049
:10774000000000000000000600001C0000700001A6
:1077500080000E0000380000C0000700001C000080
:10776000300000000000000000007F8001FFE00307
:107770008070060018040008040008060018038042
:107780007001FFE0007F80000000000000000000AA
:1077900001000801000801000803FFF807FFF800D6
:1077A00000080000080000080000000000000000C1
:1077B0000001C03802C058040098040118040218DF
:1077C000040418061C1803F81801E0F80000000073
:1077D000000000000001C0E003C0F004000804083D
:1077E0000804080806180803F41801E7F00001E08F
:1077F000000000000000000000000300000D000079
:10780000110000610000810803010807FFF80FFF65
:10781000F80001080001080000000000000000E07E
:1078200007FCD0060808061008061008061008060F
:107830001838060FF00607C0000000000000000026
:1078400000003F8001FFE0038430020818041008A4
:10785000041008041008071810030FF00007C000F8
:10786000000000000000000003C000070000060048
:10787000000600F80607F806180006E000070000FA
:1078800006000000000000000001E1E003F7F00640
:107890003410041808041808040C08040C08061610
:1078A0001803F3F001C1E000000000000000F80040
:1078B00003FC30030638040208040208040208042A
:1078C00004100308F001FFC0007F0000000000006A
:1078D0000000000000000000000000000000703800
:1078E0000070380070380000000000000000000048
:1078F0000000000000000000000000000000000088
:107900000000301A00301C000000000000000000E1
:10791000000000000000000000000000000800005F
:10792000140000220000410000808001004002009D
:1079300020040010080008000000000000002100E2
:107940000021000021000021000021000021000092
:1079500021000021000021000021000000000000A3
:107960000000000008000804001002002001004090
:107970000080800041000022000014000008000088
:10798000000000000003C00004C000040000080064
:1079900038080F380808380810000C300007E000DD
:1079A00003C000000000000000003F8000FFE00373
:1079B0008070020F1006708804C088048308047F5A
:1079C0008802C09003012000FE400000080000185B
:1079D0000001F8003E0801C20007020007E20000B3
:1079E000FE00001FC80001F8000038000008040075
:1079F0000807FFF807FFF804080804080804080847
:107A000004080806180803F41801E7F00001E00074
:107A10000000000000003F8001FFE00380700200D2
:107A200018040008040008040008040010060020E0
:107A30000780C000000004000807FFF807FFF804F3
:107A40000008040008040008040018020010038065
:107A50007001FFE0007F8000000004000807FFF8CD
:107A600007FFF804080804080804080804080804C4
:107A70003E08040008060018010060000000040031
:107A80000807FFF807FFF8040808040800040800C6
:107A9000040800043E00060000060000018000000B
:107AA0000000000000003F8001FFE003807006003E
:107AB000180400080402080402080203F00783F017
:107AC00000020000020004000807FFF807FFF804A6
:107AD000080800080000080000080000080004086A
:107AE0000807FFF807FFF804000800000000000086
:107AF00004000804000804000807FFF807FFF80462
:107B00000008040008040008000000000000000055
:107B1000000000060000070000010400010400014D
:107B200004000307FFFE07FFFC040000040000043C
:107B3000000004000807FFF807FFF8040C0800180D
:107B400000003E0004C7800503C80600F8040038A2
:107B500004001800000804000807FFF807FFF804F5
:107B600000080000080000080000080000080000ED
:107B70000800001800006000000004000807FFF87B
:107B800007800807FC00007FC00003F80007C00062
:107B9000780007800807FFF807FFF80400080400D2
:107BA0000807FFF807000803C00000E000003800E5
:107BB000001E000007000001C00400F007FFF804E9
:107BC0000000000000007F8001FFE00380700600DD
:107BD0001804000804000806001803003001FFE044
:107BE000007F8000000004000807FFF807FFF8048A
:107BF0000408040400040400040400040400060C47
:107C00000003F80001F000000000000000007F8089
:107C100001FFE00380700600880400880400C806A5
:107C2000003C03003E01FFE6007F840000000400EA
:107C30000807FFF807FFF8040808040800040C0010
:107C4000040F00040BC00610F003F03801E0080038
:107C5000000800000001E0F803F0300630100418BE
:107C600008041808040C08040C080206180207F09F
:107C70000781E0000000018000060000040000040D
:107C8000000004000807FFF807FFF80400080400DC
:107C90000004000006000001800004000007FFE06F
:107CA00007FFF004001800000800000800000800AA
:107CB000000800000804001007FFE00400000400B2
:107CC0000006000007E00007FE00041FE00001F8C6
:107CD0000000380001E0043E0007C0000600000478
:107CE000000004000007E00007FFC0041FF80007C1
:107CF000C007F80007FF80043FF80007C004F80041
:107D00000700000400000000000400080600180737
:107D1000C07805F1C8003E00001F800463E80780BA
:107D2000F806001804000800000004000006000027
:107D300007800007E008047C08001FF80007F8002F
:107D4000180804E008070000060000040000000016
:107D5000000100080600380400F80403E8040F08D6
:107D6000047C0805F00807C008070018040060003C
:107D70000000000000000000000000000000000003
:107D8000003FFFFE2000022000022000022000022F
:107D900020000200000000000000000008000007B2
:107DA000000000C0000038000006000001C0000014
:107DB0003000000E00000100000000000000000084
:107DC0002000022000022000022000022000023FCA
:107DD000FFFE0000000000000000000000000000A6
:107DE000000000000000000800001000003000004B
:107DF000200000300000100000080000000000001B
:107E0000000000000100000100000100000100006E
:107E1000010000010000010000010000010000015C
:107E20000000010000010000000000000000002030
:107E30000000200000100000100000000000000002
:107E4000000000000000000000000000000000F042
:107E50000019F8001B18002208002608002408005A
:107E60002410003FF8001FF8000008000018000070
:107E70000004000007FFF80FFFF0001818001008BA
:107E8000002008002008003018001FF0000FC0007C
:107E900000000000000007C0001FF00018300020A4
:107EA00008002008002008003C08001C10000060AA
:107EB0000000000000000000000007C0001FF000EC
:107EC000381800200800200800200804101007FFC0
:107ED000F80FFFF00000100000000000000000009C
:107EE0000007C0001FF00012300022180022080016
:107EF0002208003208001E10000E200000000000C2
:107F00000000200000200800200801FFF803FFF80F
:107F100006200804200804200807200003000000B1
:107F2000000000000000000E000E6E001FF3003184
:107F3000B10020B10020B1003191001F13002E1EAE
:107F400000200E00300000000004000807FFF80FBA
:107F5000FFF8001008002000002000002008003F6B
:107F6000F8001FF8000008000000000000000000FA
:107F7000002008002008002008063FF8063FF8000F
:107F800000080000080000080000000000000000D9
:107F90000000000000000300000300200100200199
:107FA000002003063FFE063FFC000000000000002A
:107FB000000000000004000807FFF80FFFF80001B0
:107FC00088000300002FC00038F800203800200887
:107FD0000000080000000000000000000400080489
:107FE000000804000807FFF80FFFF8000008000071
:107FF00008000008000000000000002008003FF812
:10800000003FF8001008002000003FF8003FF80093
:108010001008002000003FF8003FF80000080000B2
:1080200000002008003FF8003FF800100800100092
:10803000002000002008003FF8001FF800000800A2
:1080400000000000000007C0000FF00018300030F2
:1080500008002008002008003008001830000FF049
:108060000007C0000000000000002001003FFF00EA
:108070003FFF0010110020090020080020080030F8
:1080800038001FF0000FC00000000000000007C013
:10809000001FF00038180020080020080020090008
:1080A0001011001FFF003FFF000001000000002032
:1080B00008002008002008003FF8003FF8000808EA
:1080C00000100800200800200000300000300000F0
:1080D0000000000000000000000C78001E180033B3
:1080E000080023080021080021880021980030F0B2
:1080F00000386000000000000000200000200000A8
:10810000200000FFF003FFF80020080020080020F6
:108110000800003000000000000000000000200007
:10812000003FF0007FF80000180000080000080081
:108130002010003FF8007FF0000010000000000059
:1081400000002000003000003C00003F800023F0D1
:10815000000078000070002380003C000030000028
:108160002000002000003C00003FE00023F8000059
:10817000E0002700003E00003FE00021F80001E0A1
:10818000003E000020000000000020080020080041
:108190003838003E680027800003C8002CF80038FB
:1081A0003800201800200800000000000000200017
:1081B000003003003C01003F830023EC000070000E
:1081C0002380003C00002000002000000000000090
:1081D000000000000038080020380020F80023E8E4
:1081E000002F88003E0800380800201800007000AA
:1081F000000000000000000000000000000000007F
:10820000000008000014001FF7FC300006200002E8
:10821000000000000000000000000000000000005E
:108220000000000000000000FFFFFF000000000051
:10823000000000000000000000000000000000003E
:108240002000023000061FF7FC00140000080000A8
:10825000000000000000000000000000000000001E
:1082600000180000600000400000400000200000F6
:108270001000000800000400000400000C000010C2
:1082800000000000000000000000000000000000EE
:1082900000000000000000000000000000000000DE
:1082A00000000000000000000000000000000000CE
:1082B00000000000000000000000000000000000BE
:1082C00000000000000000000000000000000000AE
:1082D0000000000000000000000007F000C007FFE1
:1082E000E1E007F001E0000000C000000000000035
:1082F000000000000000000000000000000000007E
:10830000000000000000000000000020000001C08C
:108310000000078000001F0000001E0000001C205D
:10832000000001C00000078000001F0000001E00C8
:1083300000001C0000000000000000000000000021
:1083400000000000000000180C0000180C000018CD
:108350000FE0001FFC0003F80C0000180C000018D0
:108360000C0000180C0000180C0000180FE0001F93
:10837000FC0003F80C0000180C0000180C000000B2
:1083800000000000000000000000000007800078EE
:1083900007C000FC0640010E002003070020020376
:1083A00080200FFFFFFC0201C0200200E0600130CE
:1083B000704001F03F8000F01F000000000000004E
:1083C000000000FE000001FF000003018000020029
:1083D0008060030181C001FF070000FE180000005B
:1083E000E0000003BF00000CFFC00071806001C10D
:1083F0000020030180600000FFC000003F0000007B
:10840000000000001F0000007FC000FCC0C001FF92
:1084100080600303E0200202782002061E2003FC95
:10842000074001F00380000103C000011C6000014F
:10843000E020000100200001004000000180000059
:10844000000000000000002000001C6000001C4034
:1084500000001F8000000F0000000000000000006E
:10846000000000000000000000000000000000000C
:1084700000000000000000000000000000000000FC
:1084800000000000000000000000000000000000EC
:1084900000000000000000000000000000000007D5
:1084A000F800003FFF00007807C001C000E00300B3
:1084B0000030040000080800000410000002000062
:1084C000000000000000100000020800000404008A
:1084D00000080300003001C000E0007807C0003F42
:1084E000FF000007F800000000000000000000008E
:1084F000000000000000000000000000000000007C
:1085000000000000000000000000000C1800000E39
:108510003800000E380000063000000360000061E3
:10852000438000FFFF8000614300000360000006FD
:108530003000000E3800000E3800000C180000005B
:1085400000000000000000000000000080000000AB
:10855000800000008000000080000000800000001B
:108560008000007FFF00000080000000800000000D
:1085700080000000800000008000000080000000FB
:1085800000000000000000000001000000E3000007
:1085900000E2000000FC0000007800000000000085
:1085A00000000000000000000000000000000000CB
:1085B00000000000000000000000000000000000BB
:1085C00000000000000000008000000080000000AB
:1085D000800000008000000080000000800000009B
:1085E000800000008000000080000000800000008B
:1085F000800000008000000080000000800000007B
:1086000000000000000000000000000000C00000AA
:1086100001E0000001E0000000C0000000000000D8
:10862000000000000000000000000000000000004A
:10863000000000000000000000000000000000003A
:108640000000000000000000000C000000380000E6
:1086500000E00000038000000E0000003800000071
:10866000E00000038000000E00000038000000E081
:108670000000038000000E00000018000000000051
:1086800000000000000000000000000FF800007F64
:10869000FF0000F00780018000C0030000600200BE
:1086A0000020020000200200002003000060018082
:1086B00000C000E00380007FFF00000FF800000012
:1086C000000000000000000000000000000000802A
:1086D000002000800020008000200080006001FF5A
:1086E000FFE003FFFFE0000000600000002000004A
:1086F000002000000020000000000000000000003A
:1087000000000000000000000000007800E0009879
:1087100001600100026002000460020008600200C3
:10872000106002002060020040600300806001834E
:10873000006001FE00E0007C0780000000000000F7
:108740000000000000000000000000F0078001F0C1
:1087500007C00100004002000020020100200201C9
:10876000002002010020030380200186804001FCDC
:10877000C0C000787F8000001E00000000000000E4
:1087800000000000000000000800000038000000A9
:1087900048000001880000060800000C08100030A6
:1087A00008100040081001FFFFF003FFFFF003FF77
:1087B000FFF0000008100000081000000810000082
:1087C0000000000000000000000000000780001F03
:1087D000864003E10020030200200304002003047C
:1087E00000200304002003040020030600400303CC
:1087F00001C00301FF8003007E00000000000000B4
:10880000000000000000000000000007FC00003F26
:10881000FF000070C380008180C00101006003027E
:1088200000200202002002020020020200200203B7
:10883000004001C180C000C0FF8000007E00000039
:108840000000000000000000000000F0000003C075
:1088500000000380000003000000030007E00300A5
:108860003FE00301C000030600000318000003609E
:108870000000038000000300000000000000000072
:1088800000000000000000001F0000783F8000FC96
:1088900060C0018EC0400307802002030020020157
:1088A0008020020180200201C0200301E0400186F7
:1088B00070C000FC3F8000781F0000000000000036
:1088C000000000000000003F000000FF81C001C068
:1088D000C1C0010060200200202002002020020010
:1088E000202002002060020040C00100C18000C1C1
:1088F0008F00007FFE00001FF0000000000000005D
:108900000000000000000000000000000000000067
:1089100000000000000000000000000300C000078D
:1089200081E0000781E0000300C0000000000000BB
:108930000000000000000000000000000000000037
:108940000000000000000000000000000000000027
:1089500000000000000000000000000600660006A5
:10896000007800000000000000000000000000008F
:1089700000000000000000000000000000000000F7
:108980000000000000000000000000008000000166
:10899000C0000003600000063000000C1800001842
:1089A0000C00003006000060030000C001800100E0
:1089B0000040020000200400001000000000000041
:1089C000000000000000000410000004100000047B
:1089D0001000000410000004100000041000000447
:1089E0001000000410000004100000041000000437
:1089F000100000041000000410000004100000002B
:108A00000000000000000000000004000010020050
:108A100000200100004000C0018000600300003021
:108A2000060000180C00000C1800000630000003BF
:108A300060000001C0000000800000000000000095
:108A4000000000000000000000000078000001F8B5
:108A500000000238000002000000040000C0040012
:108A600079E0040081E0040100C004030000020278
:108A700000000306000001FC000000F800000000F8
:108A8000000000000000000FF800003FFE00007032
:108A9000078000C000C00101F8400307FC20021E4F
:108AA00004200230082002203020023FFC20013F39
:108AB000044001800CC000E03180001FC2000000B3
:108AC00000000000002000000060000003E0000043
:108AD0003E200003E020003E200003E02000038051
:108AE000200007FC2000003FE0000003FE20000003
:108AF0003FE0000001E00000002000000020000036
:108B0000000000000000020000200200002003FF1F
:108B1000FFE003FFFFE0020100200201002002014C
:108B20000020020100200201002003030020018632
:108B3000806001FCC0C000F87F8000001F000000C2
:108B40000000000000000007F800003FFF00007078
:108B5000078000C000C001000040030000200200A8
:108B6000002002000020020000200200002001007E
:108B70000040018000C003C00180003006000000FA
:108B8000000000000000020000200200002003FF9F
:108B9000FFE003FFFFE002000020020000200200CF
:108BA000002002000020030000600100004001805E
:108BB00000C000F00780007FFE00000FF8000000FA
:108BC000000000000000020000200200002003FF5F
:108BD000FFE003FFFFE0020100200201002002018C
:108BE0000020020100200201002002038020020F69
:108BF000E0200300006003C000E00060030000000C
:108C0000000000000000020000200200002003FF1E
:108C1000FFE003FFFFE0020100200201002002014B
:108C20000000020100000201000002010000020336
:108C30008000030FE0000300000003C0000000609C
:108C40000000000000000007F800003FFE00007078
:108C5000078001C001C001000040030000200200A5
:108C6000002002000020020000200100202001005E
:108C7000204003C03F8000303F8000002000000003
:108C80002000020000200200002003FFFFE003FF9D
:108C9000FFE0020080200200802000008000000031
:108CA000800000008000020080200200802003FF7E
:108CB000FFE003FFFFE002000020020000200000B0
:108CC00000000000000000000000000000000200A2
:108CD000002002000020020000200200002003FF0C
:108CE000FFE003FFFFE0020000200200002002007E
:108CF0000020020000200000000000000000000032
:108D00000000000000000000000E0000000F000046
:108D1000000F00000001020000010200000102003B
:108D200000030200000603FFFFFC03FFFFF8020040
:108D3000000002000000020000000200000000002D
:108D4000000000000000020000200200002003FFDD
:108D5000FFE003FFFFE00200C02002010020000747
:108D60008000000FE0000030F80002603E20038029
:108D70000F20030003E0020000E0020000200000DA
:108D8000002000000000020000200200002003FF7D
:108D9000FFE003FFFFE002000020020000200000CF
:108DA0000020000000200000002000000020000043
:108DB000002000000060000000E000000300000050
:108DC0000000020000200200002003FFFFE003E09B
:108DD000002003FF0020001FF0000001FF800000C2
:108DE0000FE000001E000003E000003E002003E052
:108DF000002003FFFFE003FFFFE00200002002006D
:108E00000020020000200200002003FFFFE003809A
:108E1000002003F0002000FC0000001F00000007FD
:108E2000C0000001F00000007C0002001F80020072
:108E300007E003FFFFE00200000002000000000066
:108E4000000000000000000FF800003FFE0000F0EE
:108E50000780018000C001000040020000200200E5
:108E600000200200002002000020010000400180DC
:108E700000C000F00380003FFE00000FF80000007B
:108E8000000000000000020000200200002003FF9C
:108E9000FFE003FFFFE002008020020080200200CC
:108EA00080000200800002008000020080000301B8
:108EB00080000183000000FE0000007C0000000034
:108EC000000000000000000FF800007FFF0000F02D
:108ED0000380018001C0010006400200042002005E
:108EE000042002000620020003E0010000F80180D7
:108EF000005C00E0038C003FFF0C000FFC1800003A
:108F0000000000000000020000200200002003FF1B
:108F1000FFE003FFFFE00201002002010020020148
:108F200080000201E0000201FC0003033F80018693
:108F300007E001FC00E000F8002000000020000035
:108F4000000000000000000000000078060000FEA5
:108F500001E0018600C0030300400203002002017B
:108F60008020020180200201C0200200C0200100F8
:108F7000E060018070C003E03F8000001F0000003F
:108F800000000000000000600000038000000300FB
:108F9000000002000000020000200200002003FF89
:108FA000FFE003FFFFE002000020020000200200BB
:108FB0000000020000000380000000E0000000004C
:108FC0000000020000000200000003FFFF0003FF9A
:108FD000FFC002000040020000600000002000000E
:108FE00000200000002000000020020000400200DD
:108FF000008003FFFF0002000000020000000000EC
:10900000000000000000020000000200000003C099
:10901000000003FC0000023FC0000003F800000055
:109020007F80000007E00000078000007800020356
:10903000C000023C000003C000000200000002006B
:1090400000000200000003C0000003FF8000023F98
:10905000FE0002007FE000000F000200F00003EFBE
:10906000000003FF8000020FFE0000003FE0000050
:109070001F000207E00003F80000030000000200E8
:109080000000000000000200002002000020038019
:1090900000E003F0032002FC0C20021F3000000758
:1090A000C0000007F00002187C0002601F2003804F
:1090B00003E0020000E002000020000000200000A9
:1090C000000000000000020000000300000003C0D8
:1090D000000003F80000023E0020020FC020000143
:1090E000FFE000007FE000038020021C00200270EF
:1090F00000000380000002000000020000000000E9
:1091000000000000000000000020006000E003807C
:1091100003E003000FA002003E200200F82002033B
:10912000E020020F8020023E00200278002003E0B1
:109130000060038000E00200030000000000000067
:10914000000000000000000000000000000000001F
:10915000000000000000000000001FFFFFFC1000E6
:1091600000041000000410000004100000041000AF
:1091700000041000000410000004000000000000C3
:1091800000000000000000000000000000000700D8
:10919000000003C0000000780000001E0000000373
:1091A000C0000000F00000001E000000078000006A
:1091B00000F00000003C000000060000000000007D
:1091C000000000000000000000001000000410007B
:1091D000000410000004100000041000000410003F
:1091E0000004100000041FFFFFFC0000000000004E
:1091F000000000000000000000000000000000006F
:10920000000000000000000000000000000000005E
:109210000000020000000400000008000000180028
:1092200000001000000018000000180000000400FA
:10923000000002000000000000000000000000002C
:10924000000000000001000000010000000100001B
:10925000000100000001000000010000000100000A
:1092600000010000000100000001000000010000FA
:1092700000010000000100000001000000010000EA
:1092800000010000000000000000000000001000CD
:10929000000010000000100000001800000008008E
:1092A00000000400000000000000000000000000BA
:1092B00000000000000000000000000000000000AE
:1092C0000000000000000000038000018FC00003C8
:1092D0008C600006182000041020000410200004F8
:1092E000202000042040000620400003FFC00001B1
:1092F000FFE00000002000000020000000C000008F
:10930000000000000000020000000200000003FF57
:10931000FFE007FFFFC0000180C000020060000204
:1093200000200004002000040020000400200006AB
:109330000040000300C00001FF800000FE000000AC
:109340000000000000000000000000007E0000019E
:10935000FF80000381C000020040000600200004DE
:10936000002000040020000400200006002000036C
:10937000C0400001C08000000300000000000000A9
:109380000000000000000000000000007E0000015E
:10939000FF80000380C0000600600004002000047D
:1093A000002000040020020400400202008003FFAD
:1093B000FFE007FFFFC00000004000000040000089
:1093C0000000000000000000000000007E0000011E
:1093D000FF80000311C00002104000041060000470
:1093E00010200004102000041020000610200003AC
:1093F00010400001F0C000007100000000000000FB
:109400000000000000000000000000040000000454
:1094100000200004002000040020007FFFE001FF86
:10942000FFE00104002003040020020400200204E5
:109430000020020400000200000001C0000001C082
:10944000000000000000000000000000001C000000
:10945000E33E0003FFC200020CC3000404C1000489
:1094600004C1000404C1000404C100060CC10003CF
:10947000F8C30005F0620006007E0006003C000014
:10948000000000000000020000200200002003FF96
:10949000FFE007FFFFE000010020000200200006BF
:1094A000000000040000000400000004002000068A
:1094B00000200003FFE00001FFE0000000200000AA
:1094C0000020000000000000000000000000000478
:1094D0000020000400200004002000040020038776
:1094E000FFE0038FFFE00380002000000020000069
:1094F000002000000020000000000000000000002C
:10950000000000000000000000000000000000005B
:109510000006000000070000000100000001000438
:10952000000100040001000400030004000603879A
:10953000FFFC038FFFF80380000000000000000024
:10954000000000000000020000200200002003FFD5
:10955000FFE007FFFFE000000820000010200000EF
:1095600030000000FC0000058E00000707A0000688
:1095700001E0000400E000040020000000200000E2
:1095800000000000000000000000000000000200D9
:10959000002002000020020000200200002003FF43
:1095A000FFE007FFFFE000000020000000200000B7
:1095B000002000000020000000000000000000006B
:1095C000000000000000000400200007FFE0000F82
:1095D000FFE000020020000400000004002000075B
:1095E000FFE00003FFE00002002000040000000490
:1095F00000200007FFE00003FFE000000020000063
:10960000000000000000000400200004002000070B
:10961000FFE0000FFFE00001002000020020000238
:109620000000000400000004000000040020000608
:1096300000200003FFE00001FFE000000020000028
:109640000020000000000000000000007E0000007C
:10965000FF80000381C000020040000600200004DB
:10966000002000040020000400200006002000026A
:109670000040000381C00001FF8000007E00000068
:1096800000000000000000040001000400010007C9
:10969000FFFF000FFFFF000100C1000200410004B6
:1096A0000020000400200004002000040020000628
:1096B0000040000301C00001FF8000007E000000A8
:1096C0000000000000000000000000007E0000011B
:1096D000FF80000380C0000200600004002000043E
:1096E00000200004002000040020000200410003CC
:1096F00000C10003FFFF0007FFFF000000010000A2
:10970000000100000000000400200004002000040C
:10971000002000040020000FFFE0000FFFE0000029
:10972000C0200001002000020020000600200004EC
:10973000000000040000000700000003000000001B
:1097400000000000000000000000000003E0000135
:10975000C0E00003E0400006302000043020000498
:109760001820000418200004182000040C20000217
:109770000C60000307C000078380000000000000A9
:1097800000000000000000000000000400000004D1
:10979000000000040000000C0000001FFF8000FF1C
:1097A000FFC000040060000400200004002000044A
:1097B00000200004004000000180000000000000C4
:1097C000000000000000000400000004000000078A
:1097D000FF80000FFFC000000060000000200000BC
:1097E00000200000002000000020000400400004D1
:1097F00000800007FFE0000FFFC0000000400000F5
:109800000040000000000004000000040000000709
:1098100080000007F0000004FE0000041FC00000EC
:1098200003E00000038000001C000004600000074B
:10983000800000060000000400000000000000009E
:10984000000000040000000600000007C000000740
:10985000FC0000043F80000003E000040F800006CD
:10986000F0000007F0000007FF8000040FE0000098
:10987000038000043C000007C00000060000000454
:109880000000000000000000002000040020000490
:109890000060000700E0000783200007E6000004E6
:1098A000F80000003C0000045E20000587A00006D0
:1098B00001E000040060000400200000002000001F
:1098C0000000000000000004000000040003000786
:1098D00000030007E0010004F80100041F0200007B
:1098E00007FC000000E0000007000004380000074B
:1098F000C00000060000000400000004000000009A
:10990000000000000000000000000007806000066A
:1099100000E0000403E0000407A000040E2000049F
:109920003C20000470200005E02000078020000794
:109930000060000400E00000038000000000000060
:109940000000000000000000000000000000000017
:109950000000000000000000000000000000000007
:109960008000000080000001400007FE3FF8080072
:1099700000041000000210000002000000000000BF
:1099800000000000000000000000000000000000D7
:1099900000000000000000000000000000000000C7
:1099A0000000FFFFFFFF00000000000000000000BB
:1099B00000000000000000000000000000000000A7
:1099C0000000000000000000000010000002100075
:1099D00000020800000407FE3FF8000140000000FC
:1099E0008000000080000000000000000000000077
:1099F0000000000000000000000000000000000067
:109A000000000000000018000000300000004000CE
:109A10000000400000004000000020000000300076
:109A20000000080000000400000002000000020026
:109A30000000020000000C00000018000000000000
:109A400000000004000200060001000500030007FA
:109A500080008004800280068001800580038007EA
:109A600040004004400240064001400540034007DA
:109A7000C000C004C002C006C001C005C003C007CA
:109A800020002004200220062001200520032007BA
:109A9000A000A004A002A006A001A005A003A007AA
:109AA000600060046002600660016005600360079A
:109AB000E000E004E002E006E001E005E003E0078A
:109AC00010001004100210061001100510031007FA
:109AD00090009004900290069001900590039007EA
:109AE00050005004500250065001500550035007DA
:109AF000D000D004D002D006D001D005D003D007CA
:109B000030003004300230063001300530033007B9
:109B1000B000B004B002B006B001B005B003B007A9
:109B20007000700470027006700170057003700799
:109B3000F000F004F002F006F001F005F003F00789
:109B400008000804080208060801080508030807B9
:109B500088008804880288068801880588038807A9
:109B60004800480448024806480148054803480799
:109B7000C800C804C802C806C801C805C803C80789
:109B80002800280428022806280128052803280779
:109B9000A800A804A802A806A801A805A803A80769
:109BA0006800680468026806680168056803680759
:109BB000E800E804E802E806E801E805E803E80749
:109BC00018001804180218061801180518031807B9
:109BD00098009804980298069801980598039807A9
:109BE0005800580458025806580158055803580799
:109BF000D800D804D802D806D801D805D803D80789
:109C00003800380438023806380138053803380778
:109C1000B800B804B802B806B801B805B803B80768
:109C20007800780478027806780178057803780758
:109C3000F800F804F802F806F801F805F803F80748
:109C400004000404040204060401040504030407D8
:109C500084008404840284068401840584038407C8
:109C600044004404440244064401440544034407B8
:109C7000C400C404C402C406C401C405C403C407A8
:109C80002400240424022406240124052403240798
:109C9000A400A404A402A406A401A405A403A40788
:109CA0006400640464026406640164056403640778
:109CB000E400E404E402E406E401E405E403E40768
:109CC00014001404140214061401140514031407D8
:109CD00094009404940294069401940594039407C8
:109CE00054005404540254065401540554035407B8
:109CF000D400D404D402D406D401D405D403D407A8
:109D00003400340434023406340134053403340797
:109D1000B400B404B402B406B401B405B403B40787
:109D20007400740474027406740174057403740777
:109D3000F400F404F402F406F401F405F403F40767
:109D40000C000C040C020C060C010C050C030C0797
:109D50008C008C048C028C068C018C058C038C0787
:109D60004C004C044C024C064C014C054C034C0777
:109D7000CC00CC04CC02CC06CC01CC05CC03CC0767
:109D80002C002C042C022C062C012C052C032C0757
:109D9000AC00AC04AC02AC06AC01AC05AC03AC0747
:109DA0006C006C046C026C066C016C056C036C0737
:109DB000EC00EC04EC02EC06EC01EC05EC03EC0727
:109DC0001C001C041C021C061C011C051C031C0797
:109DD0009C009C049C029C069C019C059C039C0787
:109DE0005C005C045C025C065C015C055C035C0777
:109DF000DC00DC04DC02DC06DC01DC05DC03DC0767
:109E00003C003C043C023C063C013C053C033C0756
:109E1000BC00BC04BC02BC06BC01BC05BC03BC0746
:109E20007C007C047C027C067C017C057C037C0736
:109E3000FC00FC04FC02FC06FC01FC05FC03FC0726
:109E400002000204020202060201020502030207E6
:109E500082008204820282068201820582038207D6
:109E600042004204420242064201420542034207C6
:109E7000C200C204C202C206C201C205C203C207B6
:109E800022002204220222062201220522032207A6
:109E9000A200A204A202A206A201A205A203A20796
:109EA0006200620462026206620162056203620786
:109EB000E200E204E202E206E201E205E203E20776
:109EC00012001204120212061201120512031207E6
:109ED00092009204920292069201920592039207D6
:109EE00052005204520252065201520552035207C6
:109EF000D200D204D202D206D201D205D203D207B6
:109F000032003204320232063201320532033207A5
:109F1000B200B204B202B206B201B205B203B20795
:109F20007200720472027206720172057203720785
:109F3000F200F204F202F206F201F205F203F20775
:109F40000A000A040A020A060A010A050A030A07A5
:109F50008A008A048A028A068A018A058A038A0795
:109F60004A004A044A024A064A014A054A034A0785
:109F7000CA00CA04CA02CA06CA01CA05CA03CA0775
:109F80002A002A042A022A062A012A052A032A0765
:109F9000AA00AA04AA02AA06AA01AA05AA03AA0755
:109FA0006A006A046A026A066A016A056A036A0745
:109FB000EA00EA04EA02EA06EA01EA05EA03EA0735
:109FC0001A001A041A021A061A011A051A031A07A5
:109FD0009A009A049A029A069A019A059A039A0795
:109FE0005A005A045A025A065A015A055A035A0785
:109FF000DA00DA04DA02DA06DA01DA05DA03DA0775
:10A000003A003A043A023A063A013A053A033A0764
:10A01000BA00BA04BA02BA06BA01BA05BA03BA0754
:10A020007A007A047A027A067A017A057A037A0744
:10A03000FA00FA04FA02FA06FA01FA05FA03FA0734
:10A0400006000604060206060601060506030607C4
:10A0500086008604860286068601860586038607B4
:10A0600046004604460246064601460546034607A4
:10A07000C600C604C602C606C601C605C603C60794
:10A080002600260426022606260126052603260784
:10A09000A600A604A602A606A601A605A603A60774
:10A0A0006600660466026606660166056603660764
:10A0B000E600E604E602E606E601E605E603E60754
:10A0C00016001604160216061601160516031607C4
:10A0D00096009604960296069601960596039607B4
:10A0E00056005604560256065601560556035607A4
:10A0F000D600D604D602D606D601D605D603D60794
:10A100003600360436023606360136053603360783
:10A11000B600B604B602B606B601B605B603B60773
:10A120007600760476027606760176057603760763
:10A13000F600F604F602F606F601F605F603F60753
:10A140000E000E040E020E060E010E050E030E0783
:10A150008E008E048E028E068E018E058E038E0773
:10A160004E004E044E024E064E014E054E034E0763
:10A17000CE00CE04CE02CE06CE01CE05CE03CE0753
:10A180002E002E042E022E062E012E052E032E0743
:10A19000AE00AE04AE02AE06AE01AE05AE03AE0733
:10A1A0006E006E046E026E066E016E056E036E0723
:10A1B000EE00EE04EE02EE06EE01EE05EE03EE0713
:10A1C0001E001E041E021E061E011E051E031E0783
:10A1D0009E009E049E029E069E019E059E039E0773
:10A1E0005E005E045E025E065E015E055E035E0763
:10A1F000DE00DE04DE02DE06DE01DE05DE03DE0753
:10A200003E003E043E023E063E013E053E033E0742
:10A21000BE00BE04BE02BE06BE01BE05BE03BE0732
:10A220007E007E047E027E067E017E057E037E0722
:10A23000FE00FE04FE02FE06FE01FE05FE03FE0712
:10A24000010000000000803F00000000ECFF7F3FA5
:10A25000D40FC93AB1FF7F3FC70F493B4EFF7F3F45
:10A26000C1CB963BC4FE7F3F890FC93B13FE7F3FA6
:10A270003053FB3B39FD7F3F59CB163C39FC7F3FC8
:10A2800002ED2F3C11FB7F3F900E493CC1F97F3F0F
:10A290000030623C4AF87F3F4B517B3CACF67F3F3D
:10A2A00038398A3CE6F47F3FB6C9963CF8F27F3FE6
:10A2B0001C5AA33CE3F07F3F69EAAF3CA7EE7F3F27
:10A2C0009B7ABC3C43EC7F3FB00AC93CB8E97F3F76
:10A2D000A69AD53C05E77F3F7B2AE23C2BE47F3FF3
:10A2E0002DBAEE3C29E17F3FB949FB3C00DE7F3FC0
:10A2F00090EC033DAFDA7F3F2F340A3D37D77F3FE5
:10A30000B87B103D98D37F3F2CC3163DD1CF7F3F04
:10A31000880A1D3DE2CB7F3FCC51233DCCC77F3F18
:10A32000F698293D8FC37F3F07E02F3D2ABF7F3F2F
:10A33000FC26363D9EBA7F3FD56D3C3DEAB57F3F5A
:10A3400091B4423D0FB17F3F2FFB483D0DAC7F3FA5
:10A35000AF414F3DE3A67F3F0E88553D91A17F3F22
:10A360004CCE5B3D189C7F3F6814623D78967F3FE2
:10A37000625A683DB1907F3F38A06E3DC28A7F3FF0
:10A38000E9E5743DAB847F3F742B7B3D6D7E7F3F61
:10A390006CB8803D08787F3F0ADB833D7B717F3F4F
:10A3A00094FD863DC76A7F3F0A208A3DEC637F3F6C
:10A3B0006A428D3DE95C7F3FB464903DBF557F3F6D
:10A3C000E786933D6D4E7F3F05A9963DF4467F3F5E
:10A3D0000ACB993D543F7F3FF9EC9C3D8D377F3F41
:10A3E000CF0EA03D9D2F7F3F8C30A33D87277F3F21
:10A3F0003052A63D491F7F3FBA73A93DE4167F3F07
:10A400002B95AC3D580E7F3F80B6AF3DA4057F3FF6
:10A41000BBD7B23DC9FC7E3FDAF8B53DC7F37E3FFE
:10A42000DD19B93D9DEA7E3FC33ABC3D4CE17E3F1C
:10A430008D5BBF3DD4D77E3F397CC23D34CE7E3F5D
:10A44000C69CC53D6DC47E3F36BDC83D7FBA7E3FCC
:10A4500086DDCB3D69B07E3FB7FDCE3D2DA67E3F6C
:10A46000C81DD23DC99B7E3FB93DD53D3D917E3F44
:10A47000895DD83D8B867E3F377DDB3DB17B7E3F5E
:10A48000C49CDE3DB0707E3F2EBCE13D88657E3FC2
:10A4900076DBE43D385A7E3F9AFAE73DC14E7E3F77
:10A4A0009A19EB3D23437E3F7638EE3D5E377E3F83
:10A4B0002E57F13D722B7E3FC075F43D5E1F7E3FEF
:10A4C0002C94F73D24137E3F73B2FA3DC2067E3FC3
:10A4D00092D0FD3D38FA7D3F4577003E88ED7D3FC7
:10A4E0002E06023EB1E07D3F0295033EB2D37D3F92
:10A4F000C223053E8CC67D3F6EB2063E40B97D3F0D
:10A500000541083ECCAB7D3F86CF093E309E7D3F66
:10A51000F35D0B3E6E907D3F4AEC0C3E85827D3FA5
:10A520008B7A0E3E74747D3FB708103E3D667D3FCA
:10A53000CC96113EDE577D3FCA24133E59497D3FDC
:10A54000B2B2143EAC3A7D3F8340163ED82B7D3FDD
:10A550003DCE173EDD1C7D3FE05B193EBC0D7D3FCF
:10A560006BE91A3E73FE7C3FDE761C3E03EF7C3FB8
:10A5700038041E3E6CDF7C3F7B911F3EAECF7C3F9C
:10A58000A51E213EC9BF7C3FB6AB223EBDAF7C3F7E
:10A59000AD38243E8A9F7C3F8CC5253E318F7C3F61
:10A5A0005152273EB07E7C3FFCDE283E086E7C3F49
:10A5B0008D6B2A3E3A5D7C3F04F82B3E444C7C3F39
:10A5C00061842D3E283B7C3FA2102F3EE5297C3F35
:10A5D000C99C303E7A187C3FD428323EE9067C3F45
:10A5E000C4B4333E31F57B3F9840353E53E37B3F67
:10A5F00050CC363E4DD17B3FEC57383E20BF7B3FA1
:10A600006CE3393ECDAC7B3FCF6E3B3E539A7B3FF4
:10A6100015FA3C3EB2877B3F3E853E3EEA747B3F67
:10A620004910403EFC617B3F379B413EE74E7B3FFC
:10A630000726433EAB3B7B3FB9B0443E48287B3FB7
:10A640004D3B463EBE147B3FC2C5473E0E017B3F9D
:10A650001850493E37ED7A3F4FDA4A3E3AD97A3FB1
:10A6600067644C3E16C57A3F60EE4D3ECBB07A3FF4
:10A6700038784F3E599C7A3FF101513EC1877A3F6D
:10A68000898B523E02737A3F0115543E1C5E7A3F1D
:10A69000589E553E10497A3F8F27573EDD337A3F0B
:10A6A000A4B0583E841E7A3F97395A3E04097A3F37
:10A6B0006AC25B3E5EF3793F1A4B5D3E91DD793FA6
:10A6C000A8D35E3E9DC7793F135C603E83B1793F5E
:10A6D0005CE4613E439B793F836C633EDC84793F5D
:10A6E00086F4643E4E6E793F667C663E9A57793FAB
:10A6F0002204683EC040793FBA8B693EBF29793F4A
:10A700002F136B3E9812793F7F9A6C3E4AFB783F3D
:10A71000AB216E3ED6E3783FB2A86F3E3BCC783F8C
:10A72000942F713E7BB4783F51B6723E939C783F34
:10A73000E83C743E8684783F5AC3753E526C783F3D
:10A74000A649773EF853783FCCCF783E773B783FA9
:10A75000CB557A3ED122783FA4DB7B3E040A783F7A
:10A7600056617D3E10F1773FE1E67E3EF7D7773FB9
:10A770002236803EB7BE773FC0F8803E51A5773F76
:10A780004ABB813EC58B773FC07D823E1372773FC7
:10A790002240833E3A58773F7002843E3C3E773FEA
:10A7A000AAC4843E1724773FCE86853ECC09773FE6
:10A7B000DF48863E5BEF763FDA0A873EC4D4763FB9
:10A7C000C1CC873E07BA763F938E883E249F763F62
:10A7D0005050893E1B84763FF8118A3EEC68763FE4
:10A7E0008AD38A3E974D763F07958B3E1B32763F44
:10A7F0006E568C3E7A16763FC0178D3EB3FA753F83
:10A80000FCD88D3EC6DE753F229A8E3EB3C2753FA0
:10A81000325B8F3E7BA6753F2C1C903E1C8A753F99
:10A8200010DD903E976D753FDD9D913EED50753F7B
:10A83000945E923E1D34753F351F933E2717753F3A
:10A84000BFDF933E0BFA743F31A0943EC9DC743FE6
:10A850008D60953E62BF743FD220963ED5A1743F75
:10A8600000E1963E2284743F17A1973E4966743FEB
:10A870001661983E4B48743FFE20993E272A743F4C
:10A88000CEE0993EDD0B743F86A09A3E6EED733F9D
:10A8900027609B3ED9CE733FAF1F9C3E1FB0733FD6
:10A8A00020DF9C3E3F91733F789E9D3E3972733FFF
:10A8B000B85D9E3E0E53733FDF1C9F3EBE33733F19
:10A8C000EEDB9F3E4714733FE59AA03EACF4723F27
:10A8D000C259A13EEBD4723F8718A23E04B5723F25
:10A8E00033D7A23EF894723FC595A33EC774723F1A
:10A8F0003F54A43E7054723F9F12A53EF433723F02
:10A90000E5D0A53E5213723F128FA63E8CF2713FE6
:10A91000254DA73E9FD1713F1F0BA83E8EB0713FC2
:10A92000FEC8A83E578F713FC486A93EFB6D713F9C
:10A930006F44AA3E7A4C713F0102AB3ED42A713F6C
:10A9400077BFAB3E0809713FD47CAC3E17E7703F40
:10A95000153AAD3E02C5703F3CF7AD3EC6A2703F12
:10A9600049B4AE3E6680703F3A71AF3EE15D703FE4
:10A97000102EB03E373B703FCBEAB03E6718703FB9
:10A980006BA7B13E73F56F3FEF63B23E5AD26F3F94
:10A990005820B33E1BAF6F3FA5DCB33EB88B6F3F73
:10A9A000D698B43E30686F3FEC54B53E83446F3F59
:10A9B000E610B63EB0206F3FC3CCB63EBAFC6E3F49
:10A9C0008488B73E9ED86E3F2A44B83E5DB46E3F41
:10A9D000B2FFB83EF88F6E3F1EBBB93E6D6B6E3F47
:10A9E0006E76BA3EBE466E3FA031BB3EEB216E3F57
:10A9F000B6ECBB3EF2FC6D3FAFA7BC3ED5D76D3F7A
:10AA00008B62BD3E93B26D3F4A1DBE3E2D8D6D3FA4
:10AA1000EBD7BE3EA1676D3F6F92BF3EF2416D3FE7
:10AA2000D54CC03E1D1C6D3F1E07C13E24F66C3F39
:10AA300048C1C13E07D06C3F557BC23EC5A96C3FA3
:10AA40004435C33E5E836C3F15EFC33ED45C6C3F20
:10AA5000C8A8C43E24366C3F5C62C53E500F6C3FB4
:10AA6000D21BC63E58E86B3F29D5C63E3BC16B3F63
:10AA7000628EC73EFB996B3F7C47C83E95726B3F29
:10AA80007700C93E0C4B6B3F53B9C93E5E236B3F09
:10AA90001072CA3E8CFB6A3FAE2ACB3E95D36A3F0A
:10AAA0002CE3CB3E7BAB6A3F8B9BCC3E3C836A3F27
:10AAB000CA53CD3ED95A6A3FEA0BCE3E52326A3F64
:10AAC000EAC3CE3EA7096A3FCA7BCF3ED7E0693FC3
:10AAD0008A33D03EE4B7693F2AEBD03ECC8E693F43
:10AAE000AAA2D13E9165693F095AD23E323C693FE4
:10AAF0004811D33EAE12693F67C8D33E07E9683FAD
:10AB0000647FD43E3CBF683F4136D53E4C95683F9C
:10AB1000FDECD53E396B683F99A3D63E0341683FB3
:10AB2000135AD73EA816683F6B10D83E2AEC673FF1
:10AB3000A3C6D83E87C1673FB97CD93EC196673F5F
:10AB4000AD32DA3ED86B673F80E8DA3ECA40673FF5
:10AB5000319EDB3E9915673FC153DC3E45EA663FB7
:10AB60002E09DD3ECCBE663F79BEDD3E3093663FAA
:10AB7000A273DE3E7167663FA928DF3E8E3B663FCB
:10AB80008DDDDF3E880F663F4F92E03E5EE3653F1E
:10AB9000EE46E13E10B7653F6AFBE13EA08A653FA5
:10ABA000C4AFE23E0B5E653FFA63E33E5431653F5E
:10ABB0000E18E43E7904653FFECBE43E7BD7643F4C
:10ABC000CB7FE53E59AA643F7533E63E147D643F72
:10ABD000FBE6E63EAC4F643F5D9AE73E2122643FD0
:10ABE0009C4DE83E73F4633FB700E93EA1C6633F66
:10ABF000AEB3E93EAC98633F8166EA3E956A633F37
:10AC00003019EB3E5A3C633FBBCBEB3EFC0D633F40
:10AC1000217EEC3E7BDF623F6330ED3ED7B0623F8A
:10AC200080E2ED3E1082623F7994EE3E2653623F11
:10AC30004C46EF3E1A24623FFBF7EF3EEAF4613FD9
:10AC400085A9F03E98C5613FEA5AF13E2296613FE0
:10AC5000290CF23E8A66613F43BDF23ED036613F29
:10AC6000386EF33EF206613F071FF43EF2D6603FB6
:10AC7000B1CFF43ECFA6603F3580F53E8976603F88
:10AC80009330F63E2146603FCBE0F63E9615603F9E
:10AC9000DC90F73EE9E45F3FC840F83E19B45F3FFF
:10ACA0008EF0F83E27835F3F2DA0F93E12525F3FA2
:10ACB000A54FFA3EDB205F3FF7FEFA3E81EF5E3F95
:10ACC00022AEFB3E05BE5E3F275DFC3E678C5E3FCD
:10ACD000040CFD3EA65A5E3FBBBAFD3EC3285E3F54
:10ACE0004A69FE3EBEF65D3FB217FF3E97C45D3F28
:10ACF000F3C5FF3E4D925D3F063A003FE15F5D3F89
:10AD0000FF90003F532D5D3FE4E7003FA3FA5C3F17
:10AD1000B53E013FD1C75C3F7395013FDD945C3F79
:10AD20001CEC013FC7615C3FB142023F8E2E5C3F8D
:10AD30003299023F34FB5B3F9FEF023FB8C75B3F56
:10AD4000F845033F1A945B3F3D9C033F5A605B3FCD
:10AD50006DF2033F792C5B3F8948043F75F85A3FF9
:10AD6000919E043F50C45A3F84F4043F09905A3FD7
:10AD7000624A053FA05B5A3F2CA0053F16275A3F69
:10AD8000E2F5053F6AF2593F824B063F9CBD593FB1
:10AD90000EA1063FAD88593F86F6063F9C53593FAA
:10ADA000E84B073F6A1E593F36A1073F17E9583F56
:10ADB0006FF6073FA1B3583F924B083F0B7E583FB9
:10ADC000A1A0083F5348583F9BF5083F7912583FD0
:10ADD0007F4A093F7FDC573F4E9F093F63A6573F9D
:10ADE00009F4093F2670573FAD480A3FC739573F1E
:10ADF0003D9D0A3F4803573FB7F10A3FA7CC563F56
:10AE00001C460B3FE595563F6B9A0B3F025F563F42
:10AE1000A5EE0B3FFE27563FC9420C3FD9F0553FE8
:10AE2000D7960C3F93B9553FD0EA0C3F2C82553F43
:10AE3000B33E0D3FA44A553F81920D3FFB12553F53
:10AE400038E60D3F31DB543FDA390E3F47A3543F1C
:10AE5000658D0E3F3B6B543FDBE00E3F0F33543F9D
:10AE60003B340F3FC3FA533F84870F3F55C2533FD4
:10AE7000B8DA0F3FC789533FD52D103F1851533FC4
:10AE8000DC80103F4918533FCDD3103F59DF523F6C
:10AE9000A726113F49A6523F6B79113F186D523FCB
:10AEA00019CC113FC633523FB01E123F54FA513FE6
:10AEB0003071123FC2C0513F9AC3123F1087513FB9
:10AEC000EE15133F3D4D513F2A68133F4A13513F42
:10AED00050BA133F37D9503F5F0C143F039F503F88
:10AEE000585E143FAF64503F39B0143F3B2A503F87
:10AEF0000402153FA8EF4F3FB753153FF4B44F3F3F
:10AF000054A5153F1F7A4F3FD9F6153F2B3F4F3FB2
:10AF10004748163F17044F3F9F99163FE4C84E3FDE
:10AF2000DFEA163F908D4E3F073C173F1C524E3FC5
:10AF3000188D173F89164E3F12DE173FD5DA4D3F69
:10AF4000F52E183F029F4D3FC07F183F10634D3FC5
:10AF500073D0183FFD264D3F0F21193FCBEA4C3FE0
:10AF60009471193F79AE4C3F00C2193F08724C3FB3
:10AF700055121A3F78354C3F93621A3FC7F84B3F42
:10AF8000B8B21A3FF8BB4B3FC6021B3F097F4B3F8D
:10AF9000BB521B3FFA414B3F99A21B3FCC044B3F96
:10AFA0005FF21B3F7FC74A3F0C421C3F138A4A3F58
:10AFB000A2911C3F874C4A3F1FE11C3FDC0E4A3FD9
:10AFC00084301D3F12D1493FD17F1D3F2993493F16
:10AFD00006CF1D3F2155493F221E1E3FFA16493F0D
:10AFE000266D1E3FB3D8483F12BC1E3F4E9A483FC5
:10AFF000E50A1F3FCA5B483F9F591F3F271D483F37
:10B0000041A81F3F65DE473FCBF61F3F849F473F68
:10B010003B45203F8560473F9393203F6721473F53
:10B02000D2E1203F2AE2463FF92F213FCEA2463F00
:10B03000067E213F5463463FFBCB213FBB23463F67
:10B04000D719223F03E4453F9967223F2DA4453F8E
:10B0500043B5223F3964453FD302233F2624453F71
:10B060004B50233FF5E3443FA99D233FA5A3443F15
:10B07000EEEA233F3763443F1A38243FAB22443F74
:10B080002C85243F00E2433F25D2243F38A1433F93
:10B09000041F253F5160433FCB6B253F4C1F433F6F
:10B0A00077B8253F29DE423F0A05263FE89C423F0C
:10B0B0008451263F895B423FE39D263F0B1A423F66
:10B0C0002AEA263F70D8413F5636273FB796413F80
:10B0D0006882273FE154413F61CE273FEC12413F58
:10B0E000401A283FDAD0403F0566283FA98E403FEE
:10B0F000B0B1283F5C4C403F41FD283FF009403F44
:10B10000B848293F67C73F3F1594293FC0843F3F58
:10B1100057DF293FFC413F3F802A2A3F1BFF3E3F2C
:10B120008E752A3F1BBC3E3F82C02A3FFF783E3FC0
:10B130005B0B2B3FC5353E3F1B562B3F6EF23D3F11
:10B14000BFA02B3FF9AE3D3F4AEB2B3F676B3D3F26
:10B15000B9352C3FB8273D3F0F802C3FECE33C3FF7
:10B1600049CA2C3F03A03C3F69142D3FFC5B3C3F88
:10B170006F5E2D3FD9173C3F59A82D3F98D33B3FD9
:10B1800029F22D3F3B8F3B3FDE3B2E3FC14A3B3FE9
:10B1900078852E3F29063B3FF7CE2E3F75C13A3FBB
:10B1A0005B182F3FA47C3A3FA5612F3FB7373A3F4A
:10B1B000D3AA2F3FACF2393FE6F32F3F85AD393F9D
:10B1C000DE3C303F4268393FBB85303FE122393FAA
:10B1D0007CCE303F65DD383F2217313FCB97383F7B
:10B1E000AD5F313F1652383F1DA8313F430C383F09
:10B1F00071F0313F55C6373FAA38323F4A80373F5A
:10B20000C780323F233A373FC9C8323FDFF3363F6A
:10B21000AF10333F7FAD363F7A58333F0467363F38
:10B2200029A0333F6C20363FBCE7333FB8D9353FC8
:10B23000342F343FE792353F8F76343FFB4B353F19
:10B24000CFBD343FF304353FF304353FCFBD343F2A
:10B25000FB4B353F8F76343FE792353F342F343FF9
:10B26000B8D9353FBCE7333F6C20363F29A0333F88
:10B270000467363F7A58333F7FAD363FAF10333FD8
:10B28000DFF3363FC9C8323F233A373FC780323FEA
:10B290004A80373FAA38323F55C6373F71F0313FB9
:10B2A000430C383F1DA8313F1652383FAD5F313F48
:10B2B000CB97383F2217313F65DD383F7CCE303F9A
:10B2C000E122393FBB85303F4268393FDE3C303FA9
:10B2D00085AD393FE6F32F3FACF2393FD3AA2F3F7C
:10B2E000B7373A3FA5612F3FA47C3A3F5B182F3F09
:10B2F00075C13A3FF7CE2E3F29063B3F78852E3F5A
:10B30000C14A3B3FDE3B2E3F3B8F3B3F29F22D3F67
:10B3100098D33B3F59A82D3FD9173C3F6F5E2D3F37
:10B32000FC5B3C3F69142D3F03A03C3F49CA2C3FC6
:10B33000ECE33C3F0F802C3FB8273D3FB9352C3F15
:10B34000676B3D3F4AEB2B3FF9AE3D3FBFA02B3F24
:10B350006EF23D3F1B562B3FC5353E3F5B0B2B3FEF
:10B36000FF783E3F82C02A3F1BBC3E3F8E752A3F7E
:10B370001BFF3E3F802A2A3FFC413F3F57DF293FCA
:10B38000C0843F3F1594293F67C73F3FB848293FD6
:10B39000F009403F41FD283F5C4C403FB0B1283FA1
:10B3A000A98E403F0566283FDAD0403F401A283F2B
:10B3B000EC12413F61CE273FE154413F6882273F75
:10B3C000B796413F5636273F70D8413F2AEA263F7D
:10B3D0000B1A423FE39D263F895B423F8451263F43
:10B3E000E89C423F0A05263F29DE423F77B8253FC9
:10B3F0004C1F433FCB6B253F5160433F041F253F0C
:10B4000038A1433F25D2243F00E2433F2C85243F0F
:10B41000AB22443F1A38243F3763443FEEEA233FD0
:10B42000A5A3443FA99D233FF5E3443F4B50233F51
:10B430002624453FD302233F3964453F43B5223F8D
:10B440002DA4453F9967223F03E4453FD719223F8A
:10B45000BB23463FFBCB213F5463463F067E213F43
:10B46000CEA2463FF92F213F2AE2463FD2E1203FBC
:10B470006721473F9393203F8560473F3B45203FEF
:10B48000849F473FCBF61F3F65DE473F41A81F3FE4
:10B49000271D483F9F591F3FCA5B483FE50A1F3F92
:10B4A0004E9A483F12BC1E3FB3D8483F266D1E3F00
:10B4B000FA16493F221E1E3F2155493F06CF1D3F28
:10B4C0002993493FD17F1D3F12D1493F84301D3F11
:10B4D000DC0E4A3F1FE11C3F874C4A3FA2911C3FB4
:10B4E000138A4A3F0C421C3F7FC74A3F5FF21B3F13
:10B4F000CC044B3F99A21B3FFA414B3FBB521B3F31
:10B50000097F4B3FC6021B3FF8BB4B3FB8B21A3F07
:10B51000C7F84B3F93621A3F78354C3F55121A3F9C
:10B5200008724C3F00C2193F79AE4C3F9471193FED
:10B53000CBEA4C3F0F21193FFD264D3F73D0183FFA
:10B5400010634D3FC07F183F029F4D3FF52E183FBF
:10B55000D5DA4D3F12DE173F89164E3F188D173F43
:10B560001C524E3F073C173F908D4E3FDFEA163F7F
:10B57000E4C84E3F9F99163F17044F3F4748163F78
:10B580002B3F4F3FD9F6153F1F7A4F3F54A5153F2C
:10B59000F4B44F3FB753153FA8EF4F3F0402153F98
:10B5A0003B2A503F39B0143FAF64503F585E143FC0
:10B5B000039F503F5F0C143F37D9503F50BA133FA1
:10B5C0004A13513F2A68133F3D4D513FEE15133F3B
:10B5D0001087513F9AC3123FC2C0513F3071123F92
:10B5E00054FA513FB01E123FC633523F19CC113F9F
:10B5F000186D523F6B79113F49A6523FA726113F64
:10B6000059DF523FCDD3103F4918533FDC80103FE4
:10B610001851533FD52D103FC789533FB8DA0F3F1C
:10B6200055C2533F84870F3FC3FA533F3B340F3F0C
:10B630000F33543FDBE00E3F3B6B543F658D0E3FB5
:10B6400047A3543FDA390E3F31DB543F38E60D3F14
:10B65000FB12553F81920D3FA44A553FB33E0D3F2B
:10B660002C82553FD0EA0C3F93B9553FD7960C3FFB
:10B67000D9F0553FC9420C3FFE27563FA5EE0B3F80
:10B68000025F563F6B9A0B3FE595563F1C460B3FBA
:10B69000A7CC563FB7F10A3F4803573F3D9D0A3FAD
:10B6A000C739573FAD480A3F2670573F09F4093F55
:10B6B00063A6573F4E9F093F7FDC573F7F4A093FB4
:10B6C0007912583F9BF5083F5348583FA1A0083FC7
:10B6D0000B7E583F924B083FA1B3583F6FF6073F90
:10B6E00017E9583F36A1073F6A1E593FE84B073F0D
:10B6F0009C53593F86F6063FAD88593F0EA1063F41
:10B700009CBD593F824B063F6AF2593FE2F5053F27
:10B7100016275A3F2CA0053FA05B5A3F624A053FBF
:10B7200009905A3F84F4043F50C45A3F919E043F0D
:10B7300075F85A3F8948043F792C5B3F6DF2033F0F
:10B740005A605B3F3D9C033F1A945B3FF845033FC3
:10B75000B8C75B3F9FEF023F34FB5B3F3299023F2C
:10B760008E2E5C3FB142023FC7615C3F1CEC013F43
:10B77000DD945C3F7395013FD1C75C3FB53E013F0F
:10B78000A3FA5C3FE4E7003F532D5D3FFF90003F8D
:10B79000E15F5D3F063A003F4D925D3FF3C5FF3EDE
:10B7A00097C45D3FB217FF3EBEF65D3F4A69FE3E5D
:10B7B000C3285E3FBBBAFD3EA65A5E3F040CFD3E69
:10B7C000678C5E3F275DFC3E05BE5E3F22AEFB3EC2
:10B7D00081EF5E3FF7FEFA3EDB205F3FA54FFA3E6A
:10B7E00012525F3F2DA0F93E27835F3F8EF0F83E57
:10B7F00019B45F3FC840F83EE9E45F3FDC90F73E94
:10B800009615603FCBE0F63E2146603F9330F63E12
:10B810008976603F3580F53ECFA6603FB1CFF43EDC
:10B82000F2D6603F071FF43EF206613F386EF33EEA
:10B83000D036613F43BDF23E8A66613F290CF23E3D
:10B840002296613FEA5AF13E98C5613F85A9F03ED4
:10B85000EAF4613FFBF7EF3E1A24623F4C46EF3EAD
:10B860002653623F7994EE3E1082623F80E2ED3EC5
:10B87000D7B0623F6330ED3E7BDF623F217EEC3E1E
:10B88000FC0D633FBBCBEB3E5A3C633F3019EB3EB4
:10B89000956A633F8166EA3EAC98633FAEB3E93E8A
:10B8A000A1C6633FB700E93E73F4633F9C4DE83E99
:10B8B0002122643F5D9AE73EAC4F643FFBE6E63EE3
:10B8C000147D643F7533E63E59AA643FCB7FE53E65
:10B8D0007BD7643FFECBE43E7904653F0E18E43E1F
:10B8E0005431653FFA63E33E0B5E653FC4AFE23E11
:10B8F000A08A653F6AFBE13E10B7653FEE46E13E38
:10B900005EE3653F4F92E03E880F663F8DDDDF3E90
:10B910008E3B663FA928DF3E7167663FA273DE3E1D
:10B920003093663F79BEDD3ECCBE663F2E09DD3EDC
:10B9300045EA663FC153DC3E9915673F319EDB3EC9
:10B94000CA40673F80E8DA3ED86B673FAD32DA3EE7
:10B95000C196673FB97CD93E87C1673FA3C6D83E31
:10B960002AEC673F6B10D83EA816683F135AD73EA3
:10B970000341683F99A3D63E396B683FFDECD53E45
:10B980004C95683F4136D53E3CBF683F647FD43E0E
:10B9900007E9683F67C8D33EAE12693F4811D33EFE
:10B9A000323C693F095AD23E9165693FAAA2D13E15
:10B9B000CC8E693F2AEBD03EE4B7693F8A33D03E54
:10B9C000D7E0693FCA7BCF3EA7096A3FEAC3CE3EB4
:10B9D00052326A3FEA0BCE3ED95A6A3FCA53CD3E35
:10B9E0003C836A3F8B9BCC3E7BAB6A3F2CE3CB3ED8
:10B9F00095D36A3FAE2ACB3E8CFB6A3F1072CA3E9B
:10BA00005E236B3F53B9C93E0C4B6B3F7700C93E79
:10BA100095726B3F7C47C83EFB996B3F628EC73E79
:10BA20003BC16B3F29D5C63E58E86B3FD21BC63E93
:10BA3000500F6C3F5C62C53E24366C3FC8A8C43EC4
:10BA4000D45C6C3F15EFC33E5E836C3F4435C33E10
:10BA5000C5A96C3F557BC23E07D06C3F48C1C13E73
:10BA600024F66C3F1E07C13E1D1C6D3FD54CC03EE9
:10BA7000F2416D3F6F92BF3EA1676D3FEBD7BE3E77
:10BA80002D8D6D3F4A1DBE3E93B26D3F8B62BD3E14
:10BA9000D5D76D3FAFA7BC3EF2FC6D3FB6ECBB3EC9
:10BAA000EB216E3FA031BB3EBE466E3F6E76BA3E86
:10BAB0006D6B6E3F1EBBB93EF88F6E3FB2FFB83E56
:10BAC0005DB46E3F2A44B83E9ED86E3F8488B73E30
:10BAD000BAFC6E3FC3CCB63EB0206F3FE610B63E18
:10BAE00083446F3FEC54B53E30686F3FD698B43E08
:10BAF000B88B6F3FA5DCB33E1BAF6F3F5820B33E02
:10BB00005AD26F3FEF63B23E73F56F3F6BA7B13E02
:10BB10006718703FCBEAB03E373B703F102EB03E07
:10BB2000E15D703F3A71AF3E6680703F49B4AE3E12
:10BB3000C6A2703F3CF7AD3E02C5703F153AAD3E20
:10BB400017E7703FD47CAC3E0809713F77BFAB3E2E
:10BB5000D42A713F0102AB3E7A4C713F6F44AA3E3A
:10BB6000FB6D713FC486A93E578F713FFEC8A83E4A
:10BB70008EB0713F1F0BA83E9FD1713F254DA73E50
:10BB80008CF2713F128FA63E5213723FE5D0A53E54
:10BB9000F433723F9F12A53E7054723F3F54A43E4F
:10BBA000C774723FC595A33EF894723F33D7A23E47
:10BBB00004B5723F8718A23EEBD4723FC259A13E32
:10BBC000ACF4723FE59AA03E4714733FEEDB9F3E14
:10BBD000BE33733FDF1C9F3E0E53733FB85D9E3EE6
:10BBE0003972733F789E9D3E3F91733F20DF9C3EAC
:10BBF0001FB0733FAF1F9C3ED9CE733F27609B3E63
:10BC00006EED733F86A09A3EDD0B743FCEE0993E09
:10BC1000272A743FFE20993E4B48743F1661983E98
:10BC20004966743F17A1973E2284743F00E1963E17
:10BC3000D5A1743FD220963E62BF743F8D60953E81
:10BC4000C9DC743F31A0943E0BFA743FBFDF933ED2
:10BC50002717753F351F933E1D34753F945E923E06
:10BC6000ED50753FDD9D913E976D753F10DD903E27
:10BC70001C8A753F2C1C903E7BA6753F325B8F3E25
:10BC8000B3C2753F229A8E3EC6DE753FFCD88D3E0C
:10BC9000B3FA753FC0178D3E7A16763F6E568C3ECE
:10BCA0001B32763F07958B3E974D763F8AD38A3E6F
:10BCB000EC68763FF8118A3E1B84763F5050893EEF
:10BCC000249F763F938E883E07BA763FC1CC873E4D
:10BCD000C4D4763FDA0A873E5BEF763FDF48863E84
:10BCE000CC09773FCE86853E1724773FAAC4843E91
:10BCF0003C3E773F7002843E3A58773F2240833E75
:10BD00001372773FC07D823EC58B773F4ABB813E31
:10BD100051A5773FC0F8803EB7BE773F2236803EC0
:10BD2000F7D7773FE1E67E3E10F1773F56617D3EE3
:10BD3000040A783FA4DB7B3ED122783FCB557A3E84
:10BD4000773B783FCCCF783EF853783FA649773E93
:10BD5000526C783F5AC3753E8684783FE83C743E07
:10BD6000939C783F51B6723E7BB4783F942F713EDE
:10BD70003BCC783FB2A86F3ED6E3783FAB216E3E16
:10BD80004AFB783F7F9A6C3E9812793F2F136B3EA7
:10BD9000BF29793FBA8B693EC040793F2204683E93
:10BDA0009A57793F667C663E4E6E793F86F4643ED4
:10BDB000DC84793F836C633E439B793F5CE4613E66
:10BDC00083B1793F135C603E9DC7793FA8D35E3E47
:10BDD00091DD793F1A4B5D3E5EF3793F6AC25B3E6F
:10BDE00004097A3F97395A3E841E7A3FA4B0583EE0
:10BDF000DD337A3F8F27573E10497A3F589E553E94
:10BE00001C5E7A3F0115543E02737A3F898B523E85
:10BE1000C1877A3FF101513E599C7A3F38784F3EB5
:10BE2000CBB07A3F60EE4D3E16C57A3F67644C3E1C
:10BE30003AD97A3F4FDA4A3E37ED7A3F1850493EB9
:10BE40000E017B3FC2C5473EBE147B3F4D3B463E85
:10BE500048287B3FB9B0443EAB3B7B3F0726433E7F
:10BE6000E74E7B3F379B413EFC617B3F4910403EA4
:10BE7000EA747B3F3E853E3EB2877B3F15FA3C3EEF
:10BE8000539A7B3FCF6E3B3ECDAC7B3F6CE3393E5C
:10BE900020BF7B3FEC57383E4DD17B3F50CC363EE8
:10BEA00053E37B3F9840353E31F57B3FC4B4333E8E
:10BEB000E9067C3FD428323E7A187C3FC99C303E4C
:10BEC000E5297C3FA2102F3E283B7C3F61842D3E1C
:10BED000444C7C3F04F82B3E3A5D7C3F8D6B2A3E00
:10BEE000086E7C3FFCDE283EB07E7C3F5152273EF0
:10BEF000318F7C3F8CC5253E8A9F7C3FAD38243EE8
:10BF0000BDAF7C3FB6AB223EC9BF7C3FA51E213EE4
:10BF1000AECF7C3F7B911F3E6CDF7C3F38041E3EE2
:10BF200003EF7C3FDE761C3E73FE7C3F6BE91A3EDE
:10BF3000BC0D7D3FE05B193EDD1C7D3F3DCE173ED5
:10BF4000D82B7D3F8340163EAC3A7D3FB2B2143EC3
:10BF500059497D3FCA24133EDE577D3FCC96113EA2
:10BF60003D667D3FB708103E74747D3F8B7A0E3E70
:10BF700085827D3F4AEC0C3E6E907D3FF35D0B3E2B
:10BF8000309E7D3F86CF093ECCAB7D3F0541083ECC
:10BF900040B97D3F6EB2063E8CC67D3FC223053E52
:10BFA000B2D37D3F0295033EB1E07D3F2E06023EB7
:10BFB00088ED7D3F4577003E38FA7D3F92D0FD3DCC
:10BFC000C2067E3F73B2FA3D24137E3F2C94F73DA8
:10BFD0005E1F7E3FC075F43D722B7E3F2E57F13DB4
:10BFE0005E377E3F7638EE3D23437E3F9A19EB3D28
:10BFF000C14E7E3F9AFAE73D385A7E3F76DBE43DFC
:10C0000088657E3F2EBCE13DB0707E3FC49CDE3D26
:10C01000B17B7E3F377DDB3D8B867E3F895DD83DA2
:10C020003D917E3FB93DD53DC99B7E3FC81DD23D68
:10C030002DA67E3FB7FDCE3D69B07E3F86DDCB3D70
:10C040007FBA7E3F36BDC83D6DC47E3FC69CC53DB0
:10C0500034CE7E3F397CC23DD4D77E3F8D5BBF3D21
:10C060004CE17E3FC33ABC3D9DEA7E3FDD19B93DC0
:10C07000C7F37E3FDAF8B53DC9FC7E3FBBD7B23D82
:10C08000A4057F3F80B6AF3D580E7F3F2B95AC3D5A
:10C09000E4167F3FBA73A93D491F7F3F3052A63D4A
:10C0A00087277F3F8C30A33D9D2F7F3FCF0EA03D44
:10C0B0008D377F3FF9EC9C3D543F7F3F0ACB993D44
:10C0C000F4467F3F05A9963D6D4E7F3FE786933D41
:10C0D000BF557F3FB464903DE95C7F3F6A428D3D30
:10C0E000EC637F3F0A208A3DC76A7F3F94FD863D0F
:10C0F0007B717F3F0ADB833D08787F3F6CB8803DD2
:10C100006D7E7F3F742B7B3DAB847F3FE9E5743DC3
:10C11000C28A7F3F38A06E3DB1907F3F625A683D32
:10C1200078967F3F6814623D189C7F3F4CCE5B3D04
:10C1300091A17F3F0E88553DE3A67F3FAF414F3D24
:10C140000DAC7F3F2FFB483D0FB17F3F91B4423D87
:10C15000EAB57F3FD56D3C3D9EBA7F3FFC26363D1C
:10C160002ABF7F3F07E02F3D8FC37F3FF698293DD1
:10C17000CCC77F3FCC51233DE2CB7F3F880A1D3D9A
:10C18000D1CF7F3F2CC3163D98D37F3FB87B103D66
:10C1900037D77F3F2F340A3DAFDA7F3F90EC033D26
:10C1A00000DE7F3FB949FB3C29E17F3F2DBAEE3CE1
:10C1B0002BE47F3F7B2AE23C05E77F3FA69AD53CF4
:10C1C000B8E97F3FB00AC93C43EC7F3F9B7ABC3C57
:10C1D000A7EE7F3F69EAAF3CE3F07F3F1C5AA33CE8
:10C1E000F8F27F3FB6C9963CE6F47F3F38398A3C87
:10C1F000ACF67F3F4B517B3C4AF87F3F0030623CBE
:10C20000C1F97F3F900E493C11FB7F3F02ED2F3C6F
:10C2100039FC7F3F59CB163C39FD7F3F3053FB3B08
:10C2200013FE7F3F890FC93BC4FE7F3FC1CB963BC6
:10C230004EFF7F3FC70F493BB1FF7F3FD40FC93A45
:10C24000ECFF7F3F000000000000803FD40FC9BA20
:10C25000ECFF7F3FC70F49BBB1FF7F3FC1CB96BB10
:10C260004EFF7F3F890FC9BBC4FE7F3F3053FBBBEE
:10C2700013FE7F3F59CB16BC39FD7F3F02ED2FBC2B
:10C2800039FC7F3F900E49BC11FB7F3F003062BC00
:10C29000C1F97F3F4B517BBC4AF87F3F38398ABC9C
:10C2A000ACF67F3FB6C996BCE6F47F3F1C5AA3BCF0
:10C2B000F8F27F3F69EAAFBCE3F07F3F9B7ABCBCFA
:10C2C000A7EE7F3FB00AC9BC43EC7F3FA69AD5BC1E
:10C2D000B8E97F3F7B2AE2BC05E77F3F2DBAEEBC81
:10C2E0002BE47F3FB949FBBC29E17F3F90EC03BDC4
:10C2F00000DE7F3F2F340ABDAFDA7F3FB87B10BD31
:10C3000037D77F3F2CC316BD98D37F3F880A1DBD0A
:10C31000D1CF7F3FCC5123BDE2CB7F3FF69829BDE3
:10C32000CCC77F3F07E02FBD8FC37F3FFC2636BDC4
:10C330002ABF7F3FD56D3CBD9EBA7F3F91B442BDC1
:10C34000EAB57F3F2FFB48BD0FB17F3FAF414FBDE7
:10C350000DAC7F3F0E8855BDE3A67F3F4CCE5BBD45
:10C3600091A17F3F681462BD189C7F3F625A68BDEF
:10C3700078967F3F38A06EBDB1907F3FE9E574BDF0
:10C38000C28A7F3F742B7BBDAB847F3F6CB880BD7E
:10C390006D7E7F3F0ADB83BD08787F3F94FD86BDBD
:10C3A0007B717F3F0A208ABDC76A7F3F6A428DBD8D
:10C3B000EC637F3FB46490BDE95C7F3FE78693BD4B
:10C3C000BF557F3F05A996BD6D4E7F3F0ACB99BDF6
:10C3D000F4467F3FF9EC9CBD543F7F3FCF0EA0BD9C
:10C3E0008D377F3F8C30A3BD9D2F7F3F3052A6BD40
:10C3F00087277F3FBA73A9BD491F7F3F2B95ACBDEF
:10C40000E4167F3F80B6AFBD580E7F3FBBD7B2BDAD
:10C41000A4057F3FDAF8B5BDC9FC7E3FDD19B9BD83
:10C42000C7F37E3FC33ABCBD9DEA7E3F8D5BBFBD77
:10C430004CE17E3F397CC2BDD4D77E3FC69CC5BD92
:10C4400034CE7E3F36BDC8BD6DC47E3F86DDCBBDDC
:10C450007FBA7E3FB7FDCEBD69B07E3FC81DD2BD5D
:10C460002DA67E3FB93DD5BDC99B7E3F895DD8BD18
:10C470003D917E3F377DDBBD8B867E3FC49CDEBD1C
:10C48000B17B7E3F2EBCE1BDB0707E3F76DBE4BD6C
:10C4900088657E3F9AFAE7BD385A7E3F9A19EBBD10
:10C4A000C14E7E3F7638EEBD23437E3F2E57F1BD11
:10C4B0005E377E3FC075F4BD722B7E3F2C94F7BD76
:10C4C0005E1F7E3F73B2FABD24137E3F92D0FDBD46
:10C4D000C2067E3F457700BE38FA7D3F2E0602BE7B
:10C4E00088ED7D3F029503BEB1E07D3FC22305BECE
:10C4F000B2D37D3F6EB206BE8CC67D3F054108BEFD
:10C5000040B97D3F86CF09BECCAB7D3FF35D0BBE0E
:10C51000309E7D3F4AEC0CBE6E907D3F8B7A0EBE06
:10C5200085827D3FB70810BE74747D3FCC9611BEE6
:10C530003D667D3FCA2413BEDE577D3FB2B214BEB6
:10C5400059497D3F834016BEAC3A7D3F3DCE17BE74
:10C55000D82B7D3FE05B19BEDD1C7D3F6BE91ABE29
:10C56000BC0D7D3FDE761CBE73FE7C3F38041EBED4
:10C5700003EF7C3F7B911FBE6CDF7C3FA51E21BE7D
:10C58000AECF7C3FB6AB22BEC9BF7C3FAD3824BE28
:10C59000BDAF7C3F8CC525BE8A9F7C3F515227BED4
:10C5A000318F7C3FFCDE28BEB07E7C3F8D6B2ABE87
:10C5B000086E7C3F04F82BBE3A5D7C3F61842DBE43
:10C5C000444C7C3FA2102FBE283B7C3FC99C30BE10
:10C5D000E5297C3FD42832BE7A187C3FC4B433BEF0
:10C5E000E9067C3F984035BE31F57B3F50CC36BEE6
:10C5F00053E37B3FEC5738BE4DD17B3F6CE339BEF4
:10C6000020BF7B3FCF6E3BBECDAC7B3F15FA3CBE1F
:10C61000539A7B3F3E853EBEB2877B3F491040BE6A
:10C62000EA747B3F379B41BEFC617B3F072643BEDC
:10C63000E74E7B3FB9B044BEAB3B7B3F4D3B46BE74
:10C6400048287B3FC2C547BEBE147B3F185049BE39
:10C650000E017B3F4FDA4ABE37ED7A3F67644CBE2E
:10C660003AD97A3F60EE4DBE16C57A3F38784FBE54
:10C67000CBB07A3FF10151BE599C7A3F898B52BEB3
:10C68000C1877A3F011554BE02737A3F589E55BE4A
:10C690001C5E7A3F8F2757BE10497A3FA4B058BE20
:10C6A000DD337A3F97395ABE841E7A3F6AC25BBE39
:10C6B00004097A3F1A4B5DBE5EF3793FA8D35EBE94
:10C6C00091DD793F135C60BE9DC7793F5CE461BE3C
:10C6D00083B1793F836C63BE439B793F86F464BE2C
:10C6E000DC84793F667C66BE4E6E793F220468BE6C
:10C6F0009A57793FBA8B69BEC040793F2F136BBE02
:10C70000BF29793F7F9A6CBE9812793FAB216EBEEC
:10C710004AFB783FB2A86FBED6E3783F942F71BE34
:10C720003BCC783F51B672BE7BB4783FE83C74BED8
:10C73000939C783F5AC375BE8684783FA64977BEDE
:10C74000526C783FCCCF78BEF853783FCB557ABE49
:10C75000773B783FA4DB7BBED122783F56617DBE1C
:10C76000040A783FE1E67EBE10F1773F223680BEB4
:10C77000F7D7773FC0F880BEB7BE773F4ABB81BED0
:10C7800051A5773FC07D82BEC58B773F224083BED7
:10C790001372773F700284BE3A58773FAAC484BEB2
:10C7A0003C3E773FCE8685BE1724773FDF4886BE66
:10C7B000CC09773FDA0A87BE5BEF763FC1CC87BEF4
:10C7C000C4D4763F938E88BE07BA763F505089BE58
:10C7D000249F763FF8118ABE1B84763F8AD38ABE97
:10C7E000EC68763F07958BBE974D763F6E568CBEB4
:10C7F0001B32763FC0178DBE7A16763FFCD88DBEB1
:10C80000B3FA753F229A8EBEC6DE753F325B8FBE8D
:10C81000B3C2753F2C1C90BE7BA6753F10DD90BE49
:10C820001C8A753FDD9D91BE976D753F945E92BEEB
:10C83000ED50753F351F93BE1D34753FBFDF93BE6E
:10C840002717753F31A094BE0BFA743F8D6095BEDB
:10C85000C9DC743FD22096BE62BF743F00E196BE31
:10C86000D5A1743F17A197BE2284743F166198BE6C
:10C870004966743FFE2099BE4B48743FCEE099BE96
:10C88000272A743F86A09ABEDD0B743F27609BBEAB
:10C890006EED733FAF1F9CBED9CE733F20DF9CBEB1
:10C8A0001FB0733F789E9DBE3F91733FB85D9EBEA3
:10C8B0003972733FDF1C9FBE0E53733FEEDB9FBE8A
:10C8C000BE33733FE59AA0BE4714733FC259A1BE61
:10C8D000ACF4723F8718A2BEEBD4723F33D7A2BE2E
:10C8E00004B5723FC595A3BEF894723F3F54A4BEF1
:10C8F000C774723F9F12A5BE7054723FE5D0A5BEAB
:10C90000F433723F128FA6BE5213723F254DA7BE5D
:10C910008CF2713F1F0BA8BE9FD1713FFEC8A8BE0D
:10C920008EB0713FC486A9BE578F713F6F44AABEB7
:10C93000FB6D713F0102ABBE7A4C713F77BFABBE5E
:10C94000D42A713FD47CACBE0809713F153AADBE04
:10C9500017E7703F3CF7ADBE02C5703F49B4AEBEAD
:10C96000C6A2703F3A71AFBE6680703F102EB0BE57
:10C97000E15D703FCBEAB0BE373B703F6BA7B1BE05
:10C980006718703FEF63B2BE73F56F3F5820B3BEB8
:10C990005AD26F3FA5DCB3BE1BAF6F3FD698B4BE73
:10C9A000B88B6F3FEC54B5BE30686F3FE610B6BE33
:10C9B00083446F3FC3CCB6BEB0206F3F8488B7BE00
:10C9C000BAFC6E3F2A44B8BE9ED86E3FB2FFB8BED6
:10C9D0005DB46E3F1EBBB9BEF88F6E3F6E76BABEB9
:10C9E0006D6B6E3FA031BBBEBE466E3FB6ECBBBEAC
:10C9F000EB216E3FAFA7BCBEF2FC6D3F8B62BDBEAC
:10CA0000D5D76D3F4A1DBEBE93B26D3FEBD7BEBEBC
:10CA10002D8D6D3F6F92BFBEA1676D3FD54CC0BEDF
:10CA2000F2416D3F1E07C1BE1D1C6D3F48C1C1BE16
:10CA300024F66C3F557BC2BE07D06C3F4435C3BE65
:10CA4000C5A96C3F15EFC3BE5E836C3FC8A8C4BECA
:10CA5000D45C6C3F5C62C5BE24366C3FD21BC6BE44
:10CA6000500F6C3F29D5C6BE58E86B3F628EC7BEDB
:10CA70003BC16B3F7C47C8BEFB996B3F7700C9BE8B
:10CA800095726B3F53B9C9BE0C4B6B3F1072CABE57
:10CA90005E236B3FAE2ACBBE8CFB6A3F2CE3CBBE42
:10CAA00095D36A3F8B9BCCBE7BAB6A3FCA53CDBE4E
:10CAB0003C836A3FEA0BCEBED95A6A3FEAC3CEBE78
:10CAC00052326A3FCA7BCFBEA7096A3F8A33D0BEC3
:10CAD000D7E0693F2AEBD0BEE4B7693FAAA2D1BE36
:10CAE000CC8E693F095AD2BE9165693F4811D3BEC9
:10CAF000323C693F67C8D3BEAE12693F647FD4BE83
:10CB000007E9683F4136D5BE3CBF683FFDECD5BE66
:10CB10004C95683F99A3D6BE396B683F135AD7BE70
:10CB20000341683F6B10D8BEA816683FA3C6D8BEA5
:10CB30002AEC673FB97CD9BE87C1673FAD32DABE08
:10CB4000C196673F80E8DABED86B673F319EDBBE97
:10CB5000CA40673FC153DCBE9915673F2E09DDBE51
:10CB600045EA663F79BEDDBECCBE663FA273DEBE3F
:10CB70003093663FA928DFBE7167663F8DDDDFBE5B
:10CB80008E3B663F4F92E0BE880F663FEE46E1BEA9
:10CB90005EE3653F6AFBE1BE10B7653FC4AFE2BE2E
:10CBA000A08A653FFA63E3BE0B5E653F0E18E4BEE4
:10CBB0005431653FFECBE4BE7904653FCB7FE5BED3
:10CBC0007BD7643F7533E6BE59AA643FFBE6E6BEF9
:10CBD000147D643F5D9AE7BEAC4F643F9C4DE8BE58
:10CBE0002122643FB700E9BE73F4633FAEB3E9BEF0
:10CBF000A1C6633F8166EABEAC98633F3019EBBEC5
:10CC0000956A633FBBCBEBBE5A3C633F217EECBED3
:10CC1000FC0D633F6330EDBE7BDF623F80E2EDBE23
:10CC2000D7B0623F7994EEBE1082623F4C46EFBEB1
:10CC30002653623FFBF7EFBE1A24623F85A9F0BE80
:10CC4000EAF4613FEA5AF1BE98C5613F290CF2BE91
:10CC50002296613F43BDF2BE8A66613F386EF3BEE5
:10CC6000D036613F071FF4BEF206613FB1CFF4BE7C
:10CC7000F2D6603F3580F5BECFA6603F9330F6BE5A
:10CC80008976603FCBE0F6BE2146603FDC90F7BE80
:10CC90009615603FC840F8BEE9E45F3F8EF0F8BEED
:10CCA00019B45F3F2DA0F9BE27835F3FA54FFABEA1
:10CCB00012525F3FF7FEFABEDB205F3F22AEFBBEA3
:10CCC00081EF5E3F275DFCBE05BE5E3F040CFDBEEE
:10CCD000678C5E3FBBBAFDBEA65A5E3F4A69FEBE88
:10CCE000C3285E3FB217FFBEBEF65D3FF3C5FFBE71
:10CCF00097C45D3F063A00BF4D925D3FFF9000BF75
:10CD0000E15F5D3FE4E700BF532D5D3FB53E01BFEE
:10CD1000A3FA5C3F739501BFD1C75C3F1CEC01BF18
:10CD2000DD945C3FB14202BFC7615C3F329902BFF4
:10CD30008E2E5C3F9FEF02BF34FB5B3FF84503BF85
:10CD4000B8C75B3F3D9C03BF1A945B3F6DF203BFC6
:10CD50005A605B3F894804BF792C5B3F919E04BFBA
:10CD600075F85A3F84F404BF50C45A3F624A05BF65
:10CD700009905A3F2CA005BFA05B5A3FE2F505BFC2
:10CD800016275A3F824B06BF6AF2593F0EA106BFD3
:10CD90009CBD593F86F606BFAD88593FE84B07BF9B
:10CDA0009C53593F36A107BF6A1E593F6FF607BF14
:10CDB00017E9583F924B08BFA1B3583FA1A008BF45
:10CDC0000B7E583F9BF508BF5348583F7F4A09BF29
:10CDD0007912583F4E9F09BF7FDC573F09F409BFC6
:10CDE00063A6573FAD480ABF2670573F3D9D0ABF17
:10CDF000C739573FB7F10ABF4803573F1C460BBF1F
:10CE0000A7CC563F6B9A0BBFE595563FA5EE0BBFDF
:10CE1000025F563FC9420CBFFE27563FD7960CBF54
:10CE2000D9F0553FD0EA0CBF93B9553FB33E0DBF83
:10CE30002C82553F81920DBFA44A553F38E60DBF65
:10CE4000FB12553FDA390EBF31DB543F658D0EBF03
:10CE500047A3543FDBE00EBF3B6B543F3B340FBF57
:10CE60000F33543F84870FBFC3FA533FB8DA0FBF65
:10CE700055C2533FD52D10BFC789533FDC8010BF2B
:10CE80001851533FCDD310BF4918533FA72611BFA8
:10CE900059DF523F6B7911BF49A6523F19CC11BFE0
:10CEA000186D523FB01E12BFC633523F307112BFD1
:10CEB00054FA513F9AC312BFC2C0513FEE1513BF7F
:10CEC0001087513F2A6813BF3D4D513F50BA13BFE1
:10CED0004A13513F5F0C14BF37D9503F585E14BFFF
:10CEE000039F503F39B014BFAF64503F040215BFD9
:10CEF0003B2A503FB75315BFA8EF4F3F54A515BF6E
:10CF0000F4B44F3FD9F615BF1F7A4F3F474816BFBD
:10CF10002B3F4F3F9F9916BF17044F3FDFEA16BFC5
:10CF2000E4C84E3F073C17BF908D4E3F188D17BF8A
:10CF30001C524E3F12DE17BF89164E3FF52E18BF0A
:10CF4000D5DA4D3FC07F18BF029F4D3F73D018BF49
:10CF500010634D3F0F2119BFFD264D3F947119BF3E
:10CF6000CBEA4C3F00C219BF79AE4C3F55121ABFF5
:10CF700008724C3F93621ABF78354C3FB8B21ABF63
:10CF8000C7F84B3FC6021BBFF8BB4B3FBB521BBF92
:10CF9000097F4B3F99A21BBFFA414B3F5FF21BBF7A
:10CFA000CC044B3F0C421CBF7FC74A3FA2911CBF21
:10CFB000138A4A3F1FE11CBF874C4A3F84301DBF84
:10CFC000DC0E4A3FD17F1DBF12D1493F06CF1DBFA6
:10CFD0002993493F221E1EBF2155493F266D1EBF82
:10CFE000FA16493F12BC1EBFB3D8483FE50A1FBF1F
:10CFF0004E9A483F9F591FBFCA5B483F41A81FBF79
:10D00000271D483FCBF61FBF65DE473F3B4520BF8E
:10D01000849F473F939320BF8560473FD2E120BF65
:10D020006721473FF92F21BF2AE2463F067E21BFF5
:10D03000CEA2463FFBCB21BF5463463FD71922BF48
:10D04000BB23463F996722BF03E4453F43B522BF58
:10D050002DA4453FD30223BF3964453F4B5023BF26
:10D060002624453FA99D23BFF5E3443FEEEA23BFB5
:10D07000A5A3443F1A3824BF3763443F2C8524BFFF
:10D08000AB22443F25D224BF00E2433F041F25BF0B
:10D0900038A1433FCB6B25BF5160433F77B825BFD5
:10D0A0004C1F433F0A0526BF29DE423F845126BF5D
:10D0B000E89C423FE39D26BF895B423F2AEA26BFA8
:10D0C0000B1A423F563627BF70D8413F688227BFB0
:10D0D000B796413F61CE27BFE154413F401A28BF78
:10D0E000EC12413F056628BFDAD0403FB0B128BFFF
:10D0F000A98E403F41FD28BF5C4C403FB84829BF46
:10D10000F009403F159429BF67C73F3F57DF29BF4C
:10D11000C0843F3F802A2ABFFC413F3F8E752ABF13
:10D120001BFF3E3F82C02ABF1BBC3E3F5B0B2BBF99
:10D13000FF783E3F1B562BBFC5353E3FBFA02BBFE0
:10D140006EF23D3F4AEB2BBFF9AE3D3FB9352CBFE8
:10D15000676B3D3F0F802CBFB8273D3F49CA2CBFAE
:10D16000ECE33C3F69142DBF03A03C3F6F5E2DBF35
:10D17000FC5B3C3F59A82DBFD9173C3F29F22DBF7E
:10D1800098D33B3FDE3B2EBF3B8F3B3F78852EBF86
:10D19000C14A3B3FF7CE2EBF29063B3F5B182FBF4E
:10D1A00075C13A3FA5612FBFA47C3A3FD3AA2FBFD8
:10D1B000B7373A3FE6F32FBFACF2393FDE3C30BF22
:10D1C00085AD393FBB8530BF4268393F7CCE30BF2B
:10D1D000E122393F221731BF65DD383FAD5F31BFF6
:10D1E000CB97383F1DA831BF1652383F71F031BF81
:10D1F000430C383FAA3832BF55C6373FC78032BFCD
:10D200004A80373FC9C832BF233A373FAF1033BFD8
:10D21000DFF3363F7A5833BF7FAD363F29A033BFA7
:10D220000467363FBCE733BF6C20363F342F34BF32
:10D23000B8D9353F8F7634BFE792353FCFBD34BF85
:10D24000FB4B353FF30435BFF304353FFB4B35BF94
:10D25000CFBD343FE79235BF8F76343FB8D935BF65
:10D26000342F343F6C2036BFBCE7333F046736BFF2
:10D2700029A0333F7FAD36BF7A58333FDFF336BF47
:10D28000AF10333F233A37BFC9C8323F4A8037BF58
:10D29000C780323F55C637BFAA38323F430C38BF2C
:10D2A00071F0313F165238BF1DA8313FCB9738BFC0
:10D2B000AD5F313F65DD38BF2217313FE12239BF15
:10D2C0007CCE303F426839BFBB85303F85AD39BF2A
:10D2D000DE3C303FACF239BFE6F32F3FB7373ABF01
:10D2E000D3AA2F3FA47C3ABFA5612F3F75C13ABF97
:10D2F0005B182F3F29063BBFF7CE2E3FC14A3BBFED
:10D3000078852E3F3B8F3BBFDE3B2E3F98D33BBF04
:10D3100029F22D3FD9173CBF59A82D3FFC5B3CBFDC
:10D320006F5E2D3F03A03CBF69142D3FECE33CBF73
:10D3300049CA2C3FB8273DBF0F802C3F676B3DBFCC
:10D34000B9352C3FF9AE3DBF4AEB2B3F6EF23DBFE6
:10D35000BFA02B3FC5353EBF1B562B3FFF783EBFBE
:10D360005B0B2B3F1BBC3EBF82C02A3F1BFF3EBF57
:10D370008E752A3FFC413FBF802A2A3FC0843FBFB1
:10D3800057DF293F67C73FBF1594293FF00940BFCA
:10D39000B848293F5C4C40BF41FD283FA98E40BFA3
:10D3A000B0B1283FDAD040BF0566283FEC1241BF3C
:10D3B000401A283FE15441BF61CE273FB79641BF95
:10D3C0006882273F70D841BF5636273F0B1A42BFAD
:10D3D0002AEA263F895B42BFE39D263FE89C42BF85
:10D3E0008451263F29DE42BF0A05263F4C1F43BF1A
:10D3F00077B8253F516043BFCB6B253F38A143BF72
:10D40000041F253F00E243BF25D2243FAB2244BF87
:10D410002C85243F376344BF1A38243FA5A344BF5B
:10D42000EEEA233FF5E344BFA99D233F262445BFF1
:10D430004B50233F396445BFD302233F2DA445BF42
:10D4400043B5223F03E445BF9967223FBB2346BF54
:10D45000D719223F546346BFFBCB213FCEA246BF24
:10D46000067E213F2AE246BFF92F213F672147BFB1
:10D47000D2E1203F856047BF9393203F849F47BF01
:10D480003B45203F65DE47BFCBF61F3F271D48BF0A
:10D4900041A81F3FCA5B48BF9F591F3F4E9A48BFD4
:10D4A000E50A1F3FB3D848BF12BC1E3FFA1649BF5A
:10D4B000266D1E3F215549BF221E1E3F299349BF9D
:10D4C00006CF1D3F12D149BFD17F1D3FDC0E4ABFA1
:10D4D00084301D3F874C4ABF1FE11C3F138A4ABF5F
:10D4E000A2911C3F7FC74ABF0C421C3FCC044BBFDC
:10D4F0005FF21B3FFA414BBF99A21B3F097F4BBF15
:10D50000BB521B3FF8BB4BBFC6021B3FC7F84BBF0C
:10D51000B8B21A3F78354CBF93621A3F08724CBFBD
:10D5200055121A3F79AE4CBF00C2193FCBEA4CBF2F
:10D530009471193FFD264DBF0F21193F10634DBF58
:10D5400073D0183F029F4DBFC07F183FD5DA4DBF43
:10D55000F52E183F89164EBF12DE173F1C524EBFE4
:10D56000188D173F908D4EBF073C173FE4C84EBF44
:10D57000DFEA163F17044FBF9F99163F2B3F4FBF5F
:10D580004748163F1F7A4FBFD9F6153FF4B44FBF37
:10D5900054A5153FA8EF4FBFB753153F3B2A50BFC7
:10D5A0000402153FAF6450BF39B0143F039F50BF12
:10D5B000585E143F37D950BF5F0C143F4A1351BF18
:10D5C00050BA133F3D4D51BF2A68133F108751BFDA
:10D5D000EE15133FC2C051BF9AC3123F54FA51BF58
:10D5E0003071123FC63352BFB01E123F186D52BF8A
:10D5F00019CC113F49A652BF6B79113F59DF52BF79
:10D60000A726113F491853BFCDD3103F185153BF20
:10D61000DC80103FC78953BFD52D103F55C253BF83
:10D62000B8DA0F3FC3FA53BF84870F3F0F3354BF9D
:10D630003B340F3F3B6B54BFDBE00E3F47A354BF6F
:10D64000658D0E3F31DB54BFDA390E3FFB1255BFFB
:10D6500038E60D3FA44A55BF81920D3F2C8255BF3D
:10D66000B33E0D3F93B955BFD0EA0C3FD9F055BF3B
:10D67000D7960C3FFE2756BFC9420C3F025F56BFEC
:10D68000A5EE0B3FE59556BF6B9A0B3FA7CC56BF57
:10D690001C460B3F480357BFB7F10A3FC73957BF76
:10D6A0003D9D0A3F267057BFAD480A3F63A657BF4E
:10D6B00009F4093F7FDC57BF4E9F093F791258BFDD
:10D6C0007F4A093F534858BF9BF5083F0B7E58BF20
:10D6D000A1A0083FA1B358BF924B083F17E958BF1C
:10D6E0006FF6073F6A1E59BF36A1073F9C5359BFCB
:10D6F000E84B073FAD8859BF86F6063F9CBD59BF32
:10D700000EA1063F6AF259BF824B063F16275ABF49
:10D71000E2F5053FA05B5ABF2CA0053F09905ABF18
:10D72000624A053F50C45ABF84F4043F75F85ABF9B
:10D73000919E043F792C5BBF8948043F5A605BBFD0
:10D740006DF2033F1A945BBF3D9C033FB8C75BBFBC
:10D75000F845033F34FB5BBF9FEF023F8E2E5CBF5B
:10D760003299023FC7615CBFB142023FDD945CBFAA
:10D770001CEC013FD1C75CBF7395013FA3FA5CBFAE
:10D78000B53E013F532D5DBFE4E7003FE15F5DBF64
:10D79000FF90003F4D925DBF063A003F97C45DBFCA
:10D7A000F3C5FF3EBEF65DBFB217FF3EC3285EBFA6
:10D7B0004A69FE3EA65A5EBFBBBAFD3E678C5EBF9D
:10D7C000040CFD3E05BE5EBF275DFC3E81EF5EBFE3
:10D7D00022AEFB3EDB205FBFF7FEFA3E12525FBF78
:10D7E000A54FFA3E27835FBF2DA0F93E19B45FBF56
:10D7F0008EF0F83EE9E45FBFC840F83E961560BF82
:10D80000DC90F73E214660BFCBE0F63E897660BFF4
:10D810009330F63ECFA660BF3580F53EF2D660BFAE
:10D82000B1CFF43EF20661BF071FF43ED03661BFB0
:10D83000386EF33E8A6661BF43BDF23E229661BFF9
:10D84000290CF23E98C561BFEA5AF13EEAF461BF85
:10D8500085A9F03E1A2462BFFBF7EF3E265362BF54
:10D860004C46EF3E108262BF7994EE3ED7B062BF65
:10D8700080E2ED3E7BDF62BF6330ED3EFC0D63BFB7
:10D88000217EEC3E5A3C63BFBBCBEB3E956A63BF47
:10D890003019EB3EAC9863BF8166EA3EA1C663BF18
:10D8A000AEB3E93E73F463BFB700E93E212264BF23
:10D8B0009C4DE83EAC4F64BF5D9AE73E147D64BF6B
:10D8C000FBE6E63E59AA64BF7533E63E7BD764BFEC
:10D8D000CB7FE53E790465BFFECBE43E543165BFA6
:10D8E0000E18E43E0B5E65BFFA63E33EA08A65BF97
:10D8F000C4AFE23E10B765BF6AFBE13E5EE365BFC1
:10D90000EE46E13E880F66BF4F92E03E8E3B66BF1B
:10D910008DDDDF3E716766BFA928DF3E309366BFAD
:10D92000A273DE3ECCBE66BF79BEDD3E45EA66BF71
:10D930002E09DD3E991567BFC153DC3ECA4067BF63
:10D94000319EDB3ED86B67BF80E8DA3EC19667BF89
:10D95000AD32DA3E87C167BFB97CD93E2AEC67BFDA
:10D96000A3C6D83EA81668BF6B10D83E034168BF57
:10D97000135AD73E396B68BF99A3D63E4C9568BF02
:10D98000FDECD53E3CBF68BF4136D53E07E968BFD8
:10D99000647FD43EAE1269BF67C8D33E323C69BFD4
:10D9A0004811D33E916569BF095AD23ECC8E69BFFA
:10D9B000AAA2D13EE4B769BF2AEBD03ED7E069BF47
:10D9C0008A33D03EA7096ABFCA7BCF3E52326ABFB4
:10D9D000EAC3CE3ED95A6ABFEA0BCE3E3C836ABF49
:10D9E000CA53CD3E7BAB6ABF8B9BCC3E95D36ABFFF
:10D9F0002CE3CB3E8CFB6ABFAE2ACB3E5E236BBFD3
:10DA00001072CA3E0C4B6BBF53B9C93E95726BBFC7
:10DA10007700C93EFB996BBF7C47C83E3BC16BBFDB
:10DA2000628EC73E58E86BBF29D5C63E500F6CBF0B
:10DA3000D21BC63E24366CBF5C62C53ED45C6CBF54
:10DA4000C8A8C43E5E836CBF15EFC33EC5A96CBFBA
:10DA50004435C33E07D06CBF557BC23E24F66CBF35
:10DA600048C1C13E1D1C6DBF1E07C13EF2416DBFC6
:10DA7000D54CC03EA1676DBF6F92BF3E2D8D6DBF6F
:10DA8000EBD7BE3E93B26DBF4A1DBE3ED5D76DBF2C
:10DA90008B62BD3EF2FC6DBFAFA7BC3EEB216EBFFB
:10DAA000B6ECBB3EBE466EBFA031BB3E6D6B6EBFDB
:10DAB0006E76BA3EF88F6EBF1EBBB93E5DB46EBFC8
:10DAC000B2FFB83E9ED86EBF2A44B83EBAFC6EBFC5
:10DAD0008488B73EB0206FBFC3CCB63E83446FBFCF
:10DAE000E610B63E30686FBFEC54B53EB88B6FBFE2
:10DAF000D698B43E1BAF6FBFA5DCB33E5AD26FBF02
:10DB00005820B33E73F56FBFEF63B23E671870BF26
:10DB10006BA7B13E373B70BFCBEAB03EE15D70BF53
:10DB2000102EB03E668070BF3A71AF3EC6A270BF85
:10DB300049B4AE3E02C570BF3CF7AD3E17E770BFBB
:10DB4000153AAD3E080971BFD47CAC3ED42A71BFF2
:10DB500077BFAB3E7A4C71BF0102AB3EFB6D71BF2C
:10DB60006F44AA3E578F71BFC486A93E8EB071BF65
:10DB7000FEC8A83E9FD171BF1F0BA83E8CF271BF9B
:10DB8000254DA73E521372BF128FA63EF43372BFCB
:10DB9000E5D0A53E705472BF9F12A53EC77472BFF8
:10DBA0003F54A43EF89472BFC595A33E04B572BF1E
:10DBB00033D7A23EEBD472BF8718A23EACF472BF3B
:10DBC000C259A13E471473BFE59AA03EBE3373BF4E
:10DBD000EEDB9F3E0E5373BFDF1C9F3E397273BF57
:10DBE000B85D9E3E3F9173BF789E9D3E1FB073BF50
:10DBF00020DF9C3ED9CE73BFAF1F9C3E6EED73BF3E
:10DC000027609B3EDD0B74BF86A09A3E272A74BF17
:10DC1000CEE0993E4B4874BFFE20993E496674BFE2
:10DC20001661983E228474BF17A1973ED5A174BF98
:10DC300000E1963E62BF74BFD220963EC9DC74BF3D
:10DC40008D60953E0BFA74BF31A0943E271775BFC7
:10DC5000BFDF933E1D3475BF351F933EED5075BF3A
:10DC6000945E923E976D75BFDD9D913E1C8A75BF97
:10DC700010DD903E7BA675BF2C1C903EB3C275BFD5
:10DC8000325B8F3EC6DE75BF229A8E3EB3FA75BFF9
:10DC9000FCD88D3E7A1676BFC0178D3E1B3276BFFC
:10DCA0006E568C3E974D76BF07958B3EEC6876BFDF
:10DCB0008AD38A3E1B8476BFF8118A3E249F76BFA2
:10DCC0005050893E07BA76BF938E883EC4D476BF43
:10DCD000C1CC873E5BEF76BFDA0A873ECC0977BFBF
:10DCE000DF48863E172477BFCE86853E3C3E77BF11
:10DCF000AAC4843E3A5877BF7002843E137277BF3D
:10DD00002240833EC58B77BFC07D823E51A577BF41
:10DD10004ABB813EB7BE77BFC0F8803EF7D777BF1A
:10DD20002236803E10F177BFE1E67E3E040A78BFDE
:10DD300056617D3ED12278BFA4DB7B3E773B78BF26
:10DD4000CB557A3EF85378BFCCCF783E526C78BF33
:10DD5000A649773E868478BF5AC3753E939C78BFA8
:10DD6000E83C743E7BB478BF51B6723E3BCC78BF82
:10DD7000942F713ED6E378BFB2A86F3E4AFB78BFBE
:10DD8000AB216E3E981279BF7F9A6C3EBF2979BF56
:10DD90002F136B3EC04079BFBA8B693E9A5779BF4B
:10DDA0002204683E4E6E79BF667C663EDC8479BF95
:10DDB00086F4643E439B79BF836C633E83B179BF35
:10DDC0005CE4613E9DC779BF135C603E91DD79BF25
:10DDD000A8D35E3E5EF379BF1A4B5D3E04097ABF5D
:10DDE0006AC25B3E841E7ABF97395A3EDD337ABFE2
:10DDF000A4B0583E10497ABF8F27573E1C5E7ABFA9
:10DE0000589E553E02737ABF0115543EC1877ABFB2
:10DE1000898B523E599C7ABFF101513ECBB07ABFFB
:10DE200038784F3E16C57ABF60EE4D3E3AD97ABF7C
:10DE300067644C3E37ED7ABF4FDA4A3E0E017BBF36
:10DE40001850493EBE147BBFC2C5473E48287BBF21
:10DE50004D3B463EAB3B7BBFB9B0443EE74E7BBF3C
:10DE60000726433EFC617BBF379B413EEA747BBF84
:10DE70004910403EB2877BBF3E853E3E539A7BBFF2
:10DE800015FA3C3ECDAC7BBFCF6E3B3E20BF7BBF87
:10DE90006CE3393E4DD17BBFEC57383E53E37BBF3B
:10DEA00050CC363E31F57BBF9840353EE9067CBF0D
:10DEB000C4B4333E7A187CBFD428323EE5297CBFF7
:10DEC000C99C303E283B7CBFA2102F3E444C7CBFF7
:10DED00061842D3E3A5D7CBF04F82B3E086E7CBF0A
:10DEE0008D6B2A3EB07E7CBFFCDE283E318F7CBF2E
:10DEF0005152273E8A9F7CBF8CC5253EBDAF7CBF5B
:10DF0000AD38243EC9BF7CBFB6AB223EAECF7CBF8E
:10DF1000A51E213E6CDF7CBF7B911F3E03EF7CBFC3
:10DF200038041E3E73FE7CBFDE761C3EBC0D7DBFFA
:10DF30006BE91A3EDD1C7DBFE05B193ED82B7DBF2F
:10DF40003DCE173EAC3A7DBF8340163E59497DBF5A
:10DF5000B2B2143EDE577DBFCA24133E3D667DBF7C
:10DF6000CC96113E74747DBFB708103E85827DBF8C
:10DF70008B7A0E3E6E907DBF4AEC0C3E309E7DBF8C
:10DF8000F35D0B3ECCAB7DBF86CF093E40B97DBF74
:10DF90000541083E8CC67DBF6EB2063EB2D37DBF42
:10DFA000C223053EB1E07DBF0295033E88ED7DBFF3
:10DFB0002E06023E38FA7DBF4577003EC2067EBF80
:10DFC00092D0FD3D24137EBF73B2FA3D5E1F7EBF2B
:10DFD0002C94F73D722B7EBFC075F43D5E377EBF3B
:10DFE0002E57F13D23437EBF7638EE3DC14E7EBFB6
:10DFF0009A19EB3D385A7EBF9AFAE73D88657EBF95
:10E0000076DBE43DB0707EBF2EBCE13DB17B7EBFD0
:10E01000C49CDE3D8B867EBF377DDB3D3D917EBF60
:10E02000895DD83DC99B7EBFB93DD53D2DA67EBF3C
:10E03000C81DD23D69B07EBFB7FDCE3D7FBA7EBF61
:10E0400086DDCB3D6DC47EBF36BDC83D34CE7EBFC0
:10E05000C69CC53DD4D77EBF397CC23D4CE17EBF56
:10E060008D5BBF3D9DEA7EBFC33ABC3DC7F37EBF1B
:10E07000DD19B93DC9FC7EBFDAF8B53DA4057FBF07
:10E08000BBD7B23D580E7FBF80B6AF3DE4167FBF11
:10E090002B95AC3D491F7FBFBA73A93D87277FBF32
:10E0A0003052A63D9D2F7FBF8C30A33D8D377FBF63
:10E0B000CF0EA03D543F7FBFF9EC9C3DF4467FBF9F
:10E0C0000ACB993D6D4E7FBF05A9963DBF557FBFD9
:10E0D000E786933DE95C7FBFB464903DEC637FBF0E
:10E0E0006A428D3DC76A7FBF0A208A3D7B717FBF30
:10E0F00094FD863D08787FBF0ADB833D6D7E7FBF40
:10E100006CB8803DAB847FBF742B7B3DC28A7FBFE0
:10E11000E9E5743DB1907FBF38A06E3D78967FBF32
:10E12000625A683D189C7FBF6814623D91A17FBF11
:10E130004CCE5B3DE3A67FBF0E88553D0DAC7FBF47
:10E14000AF414F3D0FB17FBF2FFB483DEAB57FBFC9
:10E1500091B4423D9EBA7FBFD56D3C3D2ABF7FBF83
:10E16000FC26363D8FC37FBF07E02F3DCCC77FBF66
:10E17000F698293DE2CB7FBFCC51233DD1CF7FBF65
:10E18000880A1D3D98D37FBF2CC3163D37D77FBF6C
:10E19000B87B103DAFDA7FBF2F340A3D00DE7FBF72
:10E1A00090EC033D29E17FBFB949FB3C2BE47FBFE5
:10E1B0002DBAEE3C05E77FBF7B2AE23CB8E97FBF82
:10E1C000A69AD53C43EC7FBFB00AC93CA7EE7FBFFF
:10E1D0009B7ABC3CE3F07FBF69EAAF3CF8F27FBFBB
:10E1E0001C5AA33CE6F47FBFB6C9963CACF67FBF91
:10E1F00038398A3C4AF87FBF4B517B3CC1F97FBF1D
:10E200000030623C11FB7FBF900E493C39FC7FBF60
:10E2100002ED2F3C39FD7FBF59CB163C13FE7FBF6B
:10E220003053FB3BC4FE7FBF890FC93B4EFF7FBF0E
:10E23000C1CB963BB1FF7FBFC70F493BECFF7FBF10
:10E24000D40FC93A000080BF00000000ECFF7FBF80
:10E25000D40FC9BAB1FF7FBFC70F49BB4EFF7FBF05
:10E26000C1CB96BBC4FE7FBF890FC9BB13FE7FBF66
:10E270003053FBBB39FD7FBF59CB16BC39FC7FBF88
:10E2800002ED2FBC11FB7FBF900E49BCC1F97FBFCF
:10E29000003062BC4AF87FBF4B517BBCACF67FBFFD
:10E2A00038398ABCE6F47FBFB6C996BCF8F27FBFA6
:10E2B0001C5AA3BCE3F07FBF69EAAFBCA7EE7FBFE7
:10E2C0009B7ABCBC43EC7FBFB00AC9BCB8E97FBF36
:10E2D000A69AD5BC05E77FBF7B2AE2BC2BE47FBFB3
:10E2E0002DBAEEBC29E17FBFB949FBBC00DE7FBF80
:10E2F00090EC03BDAFDA7FBF2F340ABD37D77FBFA5
:10E30000B87B10BD98D37FBF2CC316BDD1CF7FBFC4
:10E31000880A1DBDE2CB7FBFCC5123BDCCC77FBFD8
:10E32000F69829BD8FC37FBF07E02FBD2ABF7FBFEF
:10E33000FC2636BD9EBA7FBFD56D3CBDEAB57FBF1A
:10E3400091B442BD0FB17FBF2FFB48BD0DAC7FBF65
:10E35000AF414FBDE3A67FBF0E8855BD91A17FBFE2
:10E360004CCE5BBD189C7FBF681462BD78967FBFA2
:10E37000625A68BDB1907FBF38A06EBDC28A7FBFB0
:10E38000E9E574BDAB847FBF742B7BBD6D7E7FBF21
:10E390006CB880BD08787FBF0ADB83BD7B717FBF0F
:10E3A00094FD86BDC76A7FBF0A208ABDEC637FBF2C
:10E3B0006A428DBDE95C7FBFB46490BDBF557FBF2D
:10E3C000E78693BD6D4E7FBF05A996BDF4467FBF1E
:10E3D0000ACB99BD543F7FBFF9EC9CBD8D377FBF01
:10E3E000CF0EA0BD9D2F7FBF8C30A3BD87277FBFE1
:10E3F0003052A6BD491F7FBFBA73A9BDE4167FBFC7
:10E400002B95ACBD580E7FBF80B6AFBDA4057FBFB6
:10E41000BBD7B2BDC9FC7EBFDAF8B5BDC7F37EBFBE
:10E42000DD19B9BD9DEA7EBFC33ABCBD4CE17EBFDC
:10E430008D5BBFBDD4D77EBF397CC2BD34CE7EBF1D
:10E44000C69CC5BD6DC47EBF36BDC8BD7FBA7EBF8C
:10E4500086DDCBBD69B07EBFB7FDCEBD2DA67EBF2C
:10E46000C81DD2BDC99B7EBFB93DD5BD3D917EBF04
:10E47000895DD8BD8B867EBF377DDBBDB17B7EBF1E
:10E48000C49CDEBDB0707EBF2EBCE1BD88657EBF82
:10E4900076DBE4BD385A7EBF9AFAE7BDC14E7EBF37
:10E4A0009A19EBBD23437EBF7638EEBD5E377EBF43
:10E4B0002E57F1BD722B7EBFC075F4BD5E1F7EBFAF
:10E4C0002C94F7BD24137EBF73B2FABDC2067EBF83
:10E4D00092D0FDBD38FA7DBF457700BE88ED7DBF87
:10E4E0002E0602BEB1E07DBF029503BEB2D37DBF52
:10E4F000C22305BE8CC67DBF6EB206BE40B97DBFCD
:10E50000054108BECCAB7DBF86CF09BE309E7DBF26
:10E51000F35D0BBE6E907DBF4AEC0CBE85827DBF65
:10E520008B7A0EBE74747DBFB70810BE3D667DBF8A
:10E53000CC9611BEDE577DBFCA2413BE59497DBF9C
:10E54000B2B214BEAC3A7DBF834016BED82B7DBF9D
:10E550003DCE17BEDD1C7DBFE05B19BEBC0D7DBF8F
:10E560006BE91ABE73FE7CBFDE761CBE03EF7CBF78
:10E5700038041EBE6CDF7CBF7B911FBEAECF7CBF5C
:10E58000A51E21BEC9BF7CBFB6AB22BEBDAF7CBF3E
:10E59000AD3824BE8A9F7CBF8CC525BE318F7CBF21
:10E5A000515227BEB07E7CBFFCDE28BE086E7CBF09
:10E5B0008D6B2ABE3A5D7CBF04F82BBE444C7CBFF9
:10E5C00061842DBE283B7CBFA2102FBEE5297CBFF5
:10E5D000C99C30BE7A187CBFD42832BEE9067CBF05
:10E5E000C4B433BE31F57BBF984035BE53E37BBF27
:10E5F00050CC36BE4DD17BBFEC5738BE20BF7BBF61
:10E600006CE339BECDAC7BBFCF6E3BBE539A7BBFB4
:10E6100015FA3CBEB2877BBF3E853EBEEA747BBF27
:10E62000491040BEFC617BBF379B41BEE74E7BBFBC
:10E63000072643BEAB3B7BBFB9B044BE48287BBF77
:10E640004D3B46BEBE147BBFC2C547BE0E017BBF5D
:10E65000185049BE37ED7ABF4FDA4ABE3AD97ABF71
:10E6600067644CBE16C57ABF60EE4DBECBB07ABFB4
:10E6700038784FBE599C7ABFF10151BEC1877ABF2D
:10E68000898B52BE02737ABF011554BE1C5E7ABFDD
:10E69000589E55BE10497ABF8F2757BEDD337ABFCB
:10E6A000A4B058BE841E7ABF97395ABE04097ABFF7
:10E6B0006AC25BBE5EF379BF1A4B5DBE91DD79BF66
:10E6C000A8D35EBE9DC779BF135C60BE83B179BF1E
:10E6D0005CE461BE439B79BF836C63BEDC8479BF1D
:10E6E00086F464BE4E6E79BF667C66BE9A5779BF6B
:10E6F000220468BEC04079BFBA8B69BEBF2979BF0A
:10E700002F136BBE981279BF7F9A6CBE4AFB78BFFD
:10E71000AB216EBED6E378BFB2A86FBE3BCC78BF4C
:10E72000942F71BE7BB478BF51B672BE939C78BFF4
:10E73000E83C74BE868478BF5AC375BE526C78BFFD
:10E74000A64977BEF85378BFCCCF78BE773B78BF69
:10E75000CB557ABED12278BFA4DB7BBE040A78BF3A
:10E7600056617DBE10F177BFE1E67EBEF7D777BF79
:10E77000223680BEB7BE77BFC0F880BE51A577BF36
:10E780004ABB81BEC58B77BFC07D82BE137277BF87
:10E79000224083BE3A5877BF700284BE3C3E77BFAA
:10E7A000AAC484BE172477BFCE8685BECC0977BFA6
:10E7B000DF4886BE5BEF76BFDA0A87BEC4D476BF79
:10E7C000C1CC87BE07BA76BF938E88BE249F76BF22
:10E7D000505089BE1B8476BFF8118ABEEC6876BFA4
:10E7E0008AD38ABE974D76BF07958BBE1B3276BF04
:10E7F0006E568CBE7A1676BFC0178DBEB3FA75BF43
:10E80000FCD88DBEC6DE75BF229A8EBEB3C275BF60
:10E81000325B8FBE7BA675BF2C1C90BE1C8A75BF59
:10E8200010DD90BE976D75BFDD9D91BEED5075BF3B
:10E83000945E92BE1D3475BF351F93BE271775BFFA
:10E84000BFDF93BE0BFA74BF31A094BEC9DC74BFA6
:10E850008D6095BE62BF74BFD22096BED5A174BF35
:10E8600000E196BE228474BF17A197BE496674BFAB
:10E87000166198BE4B4874BFFE2099BE272A74BF0C
:10E88000CEE099BEDD0B74BF86A09ABE6EED73BF5D
:10E8900027609BBED9CE73BFAF1F9CBE1FB073BF96
:10E8A00020DF9CBE3F9173BF789E9DBE397273BFBF
:10E8B000B85D9EBE0E5373BFDF1C9FBEBE3373BFD9
:10E8C000EEDB9FBE471473BFE59AA0BEACF472BFE7
:10E8D000C259A1BEEBD472BF8718A2BE04B572BFE5
:10E8E00033D7A2BEF89472BFC595A3BEC77472BFDA
:10E8F0003F54A4BE705472BF9F12A5BEF43372BFC2
:10E90000E5D0A5BE521372BF128FA6BE8CF271BFA6
:10E91000254DA7BE9FD171BF1F0BA8BE8EB071BF82
:10E92000FEC8A8BE578F71BFC486A9BEFB6D71BF5C
:10E930006F44AABE7A4C71BF0102ABBED42A71BF2C
:10E9400077BFABBE080971BFD47CACBE17E770BF00
:10E95000153AADBE02C570BF3CF7ADBEC6A270BFD2
:10E9600049B4AEBE668070BF3A71AFBEE15D70BFA4
:10E97000102EB0BE373B70BFCBEAB0BE671870BF79
:10E980006BA7B1BE73F56FBFEF63B2BE5AD26FBF54
:10E990005820B3BE1BAF6FBFA5DCB3BEB88B6FBF33
:10E9A000D698B4BE30686FBFEC54B5BE83446FBF19
:10E9B000E610B6BEB0206FBFC3CCB6BEBAFC6EBF09
:10E9C0008488B7BE9ED86EBF2A44B8BE5DB46EBF01
:10E9D000B2FFB8BEF88F6EBF1EBBB9BE6D6B6EBF07
:10E9E0006E76BABEBE466EBFA031BBBEEB216EBF17
:10E9F000B6ECBBBEF2FC6DBFAFA7BCBED5D76DBF3A
:10EA00008B62BDBE93B26DBF4A1DBEBE2D8D6DBF64
:10EA1000EBD7BEBEA1676DBF6F92BFBEF2416DBFA7
:10EA2000D54CC0BE1D1C6DBF1E07C1BE24F66CBFF9
:10EA300048C1C1BE07D06CBF557BC2BEC5A96CBF63
:10EA40004435C3BE5E836CBF15EFC3BED45C6CBFE0
:10EA5000C8A8C4BE24366CBF5C62C5BE500F6CBF74
:10EA6000D21BC6BE58E86BBF29D5C6BE3BC16BBF23
:10EA7000628EC7BEFB996BBF7C47C8BE95726BBFE9
:10EA80007700C9BE0C4B6BBF53B9C9BE5E236BBFC9
:10EA90001072CABE8CFB6ABFAE2ACBBE95D36ABFCA
:10EAA0002CE3CBBE7BAB6ABF8B9BCCBE3C836ABFE7
:10EAB000CA53CDBED95A6ABFEA0BCEBE52326ABF24
:10EAC000EAC3CEBEA7096ABFCA7BCFBED7E069BF83
:10EAD0008A33D0BEE4B769BF2AEBD0BECC8E69BF03
:10EAE000AAA2D1BE916569BF095AD2BE323C69BFA4
:10EAF0004811D3BEAE1269BF67C8D3BE07E968BF6D
:10EB0000647FD4BE3CBF68BF4136D5BE4C9568BF5C
:10EB1000FDECD5BE396B68BF99A3D6BE034168BF73
:10EB2000135AD7BEA81668BF6B10D8BE2AEC67BFB1
:10EB3000A3C6D8BE87C167BFB97CD9BEC19667BF1F
:10EB4000AD32DABED86B67BF80E8DABECA4067BFB5
:10EB5000319EDBBE991567BFC153DCBE45EA66BF77
:10EB60002E09DDBECCBE66BF79BEDDBE309366BF6A
:10EB7000A273DEBE716766BFA928DFBE8E3B66BF8B
:10EB80008DDDDFBE880F66BF4F92E0BE5EE365BFDE
:10EB9000EE46E1BE10B765BF6AFBE1BEA08A65BF65
:10EBA000C4AFE2BE0B5E65BFFA63E3BE543165BF1E
:10EBB0000E18E4BE790465BFFECBE4BE7BD764BF0C
:10EBC000CB7FE5BE59AA64BF7533E6BE147D64BF32
:10EBD000FBE6E6BEAC4F64BF5D9AE7BE212264BF90
:10EBE0009C4DE8BE73F463BFB700E9BEA1C663BF26
:10EBF000AEB3E9BEAC9863BF8166EABE956A63BFF7
:10EC00003019EBBE5A3C63BFBBCBEBBEFC0D63BF00
:10EC1000217EECBE7BDF62BF6330EDBED7B062BF4A
:10EC200080E2EDBE108262BF7994EEBE265362BFD1
:10EC30004C46EFBE1A2462BFFBF7EFBEEAF461BF99
:10EC400085A9F0BE98C561BFEA5AF1BE229661BFA0
:10EC5000290CF2BE8A6661BF43BDF2BED03661BFE9
:10EC6000386EF3BEF20661BF071FF4BEF2D660BF76
:10EC7000B1CFF4BECFA660BF3580F5BE897660BF48
:10EC80009330F6BE214660BFCBE0F6BE961560BF5E
:10EC9000DC90F7BEE9E45FBFC840F8BE19B45FBFBF
:10ECA0008EF0F8BE27835FBF2DA0F9BE12525FBF62
:10ECB000A54FFABEDB205FBFF7FEFABE81EF5EBF55
:10ECC00022AEFBBE05BE5EBF275DFCBE678C5EBF8D
:10ECD000040CFDBEA65A5EBFBBBAFDBEC3285EBF14
:10ECE0004A69FEBEBEF65DBFB217FFBE97C45DBFE8
:10ECF000F3C5FFBE4D925DBF063A00BFE15F5DBF49
:10ED0000FF9000BF532D5DBFE4E700BFA3FA5CBFD7
:10ED1000B53E01BFD1C75CBF739501BFDD945CBF39
:10ED20001CEC01BFC7615CBFB14202BF8E2E5CBF4D
:10ED3000329902BF34FB5BBF9FEF02BFB8C75BBF16
:10ED4000F84503BF1A945BBF3D9C03BF5A605BBF8D
:10ED50006DF203BF792C5BBF894804BF75F85ABFB9
:10ED6000919E04BF50C45ABF84F404BF09905ABF97
:10ED7000624A05BFA05B5ABF2CA005BF16275ABF29
:10ED8000E2F505BF6AF259BF824B06BF9CBD59BF71
:10ED90000EA106BFAD8859BF86F606BF9C5359BF6A
:10EDA000E84B07BF6A1E59BF36A107BF17E958BF16
:10EDB0006FF607BFA1B358BF924B08BF0B7E58BF79
:10EDC000A1A008BF534858BF9BF508BF791258BF90
:10EDD0007F4A09BF7FDC57BF4E9F09BF63A657BF5D
:10EDE00009F409BF267057BFAD480ABFC73957BFDE
:10EDF0003D9D0ABF480357BFB7F10ABFA7CC56BF16
:10EE00001C460BBFE59556BF6B9A0BBF025F56BF02
:10EE1000A5EE0BBFFE2756BFC9420CBFD9F055BFA8
:10EE2000D7960CBF93B955BFD0EA0CBF2C8255BF03
:10EE3000B33E0DBFA44A55BF81920DBFFB1255BF13
:10EE400038E60DBF31DB54BFDA390EBF47A354BFDC
:10EE5000658D0EBF3B6B54BFDBE00EBF0F3354BF5D
:10EE60003B340FBFC3FA53BF84870FBF55C253BF94
:10EE7000B8DA0FBFC78953BFD52D10BF185153BF84
:10EE8000DC8010BF491853BFCDD310BF59DF52BF2C
:10EE9000A72611BF49A652BF6B7911BF186D52BF8B
:10EEA00019CC11BFC63352BFB01E12BF54FA51BFA6
:10EEB000307112BFC2C051BF9AC312BF108751BF79
:10EEC000EE1513BF3D4D51BF2A6813BF4A1351BF02
:10EED00050BA13BF37D950BF5F0C14BF039F50BF48
:10EEE000585E14BFAF6450BF39B014BF3B2A50BF47
:10EEF000040215BFA8EF4FBFB75315BFF4B44FBFFF
:10EF000054A515BF1F7A4FBFD9F615BF2B3F4FBF72
:10EF1000474816BF17044FBF9F9916BFE4C84EBF9E
:10EF2000DFEA16BF908D4EBF073C17BF1C524EBF85
:10EF3000188D17BF89164EBF12DE17BFD5DA4DBF29
:10EF4000F52E18BF029F4DBFC07F18BF10634DBF85
:10EF500073D018BFFD264DBF0F2119BFCBEA4CBFA0
:10EF6000947119BF79AE4CBF00C219BF08724CBF73
:10EF700055121ABF78354CBF93621ABFC7F84BBF02
:10EF8000B8B21ABFF8BB4BBFC6021BBF097F4BBF4D
:10EF9000BB521BBFFA414BBF99A21BBFCC044BBF56
:10EFA0005FF21BBF7FC74ABF0C421CBF138A4ABF18
:10EFB000A2911CBF874C4ABF1FE11CBFDC0E4ABF99
:10EFC00084301DBF12D149BFD17F1DBF299349BFD6
:10EFD00006CF1DBF215549BF221E1EBFFA1649BFCD
:10EFE000266D1EBFB3D848BF12BC1EBF4E9A48BF85
:10EFF000E50A1FBFCA5B48BF9F591FBF271D48BFF7
:10F0000041A81FBF65DE47BFCBF61FBF849F47BF28
:10F010003B4520BF856047BF939320BF672147BF13
:10F02000D2E120BF2AE246BFF92F21BFCEA246BFC0
:10F03000067E21BF546346BFFBCB21BFBB2346BF27
:10F04000D71922BF03E445BF996722BF2DA445BF4E
:10F0500043B522BF396445BFD30223BF262445BF31
:10F060004B5023BFF5E344BFA99D23BFA5A344BFD5
:10F07000EEEA23BF376344BF1A3824BFAB2244BF34
:10F080002C8524BF00E243BF25D224BF38A143BF53
:10F09000041F25BF516043BFCB6B25BF4C1F43BF2F
:10F0A00077B825BF29DE42BF0A0526BFE89C42BFCC
:10F0B000845126BF895B42BFE39D26BF0B1A42BF26
:10F0C0002AEA26BF70D841BF563627BFB79641BF40
:10F0D000688227BFE15441BF61CE27BFEC1241BF18
:10F0E000401A28BFDAD040BF056628BFA98E40BFAE
:10F0F000B0B128BF5C4C40BF41FD28BFF00940BF04
:10F10000B84829BF67C73FBF159429BFC0843FBF18
:10F1100057DF29BFFC413FBF802A2ABF1BFF3EBFEC
:10F120008E752ABF1BBC3EBF82C02ABFFF783EBF80
:10F130005B0B2BBFC5353EBF1B562BBF6EF23DBFD1
:10F14000BFA02BBFF9AE3DBF4AEB2BBF676B3DBFE6
:10F15000B9352CBFB8273DBF0F802CBFECE33CBFB7
:10F1600049CA2CBF03A03CBF69142DBFFC5B3CBF48
:10F170006F5E2DBFD9173CBF59A82DBF98D33BBF99
:10F1800029F22DBF3B8F3BBFDE3B2EBFC14A3BBFA9
:10F1900078852EBF29063BBFF7CE2EBF75C13ABF7B
:10F1A0005B182FBFA47C3ABFA5612FBFB7373ABF0A
:10F1B000D3AA2FBFACF239BFE6F32FBF85AD39BF5D
:10F1C000DE3C30BF426839BFBB8530BFE12239BF6A
:10F1D0007CCE30BF65DD38BF221731BFCB9738BF3B
:10F1E000AD5F31BF165238BF1DA831BF430C38BFC9
:10F1F00071F031BF55C637BFAA3832BF4A8037BF1A
:10F20000C78032BF233A37BFC9C832BFDFF336BF2A
:10F21000AF1033BF7FAD36BF7A5833BF046736BFF8
:10F2200029A033BF6C2036BFBCE733BFB8D935BF88
:10F23000342F34BFE79235BF8F7634BFFB4B35BFD9
:10F24000CFBD34BFF30435BFF30435BFCFBD34BFEA
:10F25000FB4B35BF8F7634BFE79235BF342F34BFB9
:10F26000B8D935BFBCE733BF6C2036BF29A033BF48
:10F27000046736BF7A5833BF7FAD36BFAF1033BF98
:10F28000DFF336BFC9C832BF233A37BFC78032BFAA
:10F290004A8037BFAA3832BF55C637BF71F031BF79
:10F2A000430C38BF1DA831BF165238BFAD5F31BF08
:10F2B000CB9738BF221731BF65DD38BF7CCE30BF5A
:10F2C000E12239BFBB8530BF426839BFDE3C30BF69
:10F2D00085AD39BFE6F32FBFACF239BFD3AA2FBF3C
:10F2E000B7373ABFA5612FBFA47C3ABF5B182FBFC9
:10F2F00075C13ABFF7CE2EBF29063BBF78852EBF1A
:10F30000C14A3BBFDE3B2EBF3B8F3BBF29F22DBF27
:10F3100098D33BBF59A82DBFD9173CBF6F5E2DBFF7
:10F32000FC5B3CBF69142DBF03A03CBF49CA2CBF86
:10F33000ECE33CBF0F802CBFB8273DBFB9352CBFD5
:10F34000676B3DBF4AEB2BBFF9AE3DBFBFA02BBFE4
:10F350006EF23DBF1B562BBFC5353EBF5B0B2BBFAF
:10F36000FF783EBF82C02ABF1BBC3EBF8E752ABF3E
:10F370001BFF3EBF802A2ABFFC413FBF57DF29BF8A
:10F38000C0843FBF159429BF67C73FBFB84829BF96
:10F39000F00940BF41FD28BF5C4C40BFB0B128BF61
:10F3A000A98E40BF056628BFDAD040BF401A28BFEB
:10F3B000EC1241BF61CE27BFE15441BF688227BF35
:10F3C000B79641BF563627BF70D841BF2AEA26BF3D
:10F3D0000B1A42BFE39D26BF895B42BF845126BF03
:10F3E000E89C42BF0A0526BF29DE42BF77B825BF89
:10F3F0004C1F43BFCB6B25BF516043BF041F25BFCC
:10F4000038A143BF25D224BF00E243BF2C8524BFCF
:10F41000AB2244BF1A3824BF376344BFEEEA23BF90
:10F42000A5A344BFA99D23BFF5E344BF4B5023BF11
:10F43000262445BFD30223BF396445BF43B522BF4D
:10F440002DA445BF996722BF03E445BFD71922BF4A
:10F45000BB2346BFFBCB21BF546346BF067E21BF03
:10F46000CEA246BFF92F21BF2AE246BFD2E120BF7C
:10F47000672147BF939320BF856047BF3B4520BFAF
:10F48000849F47BFCBF61FBF65DE47BF41A81FBFA4
:10F49000271D48BF9F591FBFCA5B48BFE50A1FBF52
:10F4A0004E9A48BF12BC1EBFB3D848BF266D1EBFC0
:10F4B000FA1649BF221E1EBF215549BF06CF1DBFE8
:10F4C000299349BFD17F1DBF12D149BF84301DBFD1
:10F4D000DC0E4ABF1FE11CBF874C4ABFA2911CBF74
:10F4E000138A4ABF0C421CBF7FC74ABF5FF21BBFD3
:10F4F000CC044BBF99A21BBFFA414BBFBB521BBFF1
:10F50000097F4BBFC6021BBFF8BB4BBFB8B21ABFC7
:10F51000C7F84BBF93621ABF78354CBF55121ABF5C
:10F5200008724CBF00C219BF79AE4CBF947119BFAD
:10F53000CBEA4CBF0F2119BFFD264DBF73D018BFBA
:10F5400010634DBFC07F18BF029F4DBFF52E18BF7F
:10F55000D5DA4DBF12DE17BF89164EBF188D17BF03
:10F560001C524EBF073C17BF908D4EBFDFEA16BF3F
:10F57000E4C84EBF9F9916BF17044FBF474816BF38
:10F580002B3F4FBFD9F615BF1F7A4FBF54A515BFEC
:10F59000F4B44FBFB75315BFA8EF4FBF040215BF58
:10F5A0003B2A50BF39B014BFAF6450BF585E14BF80
:10F5B000039F50BF5F0C14BF37D950BF50BA13BF61
:10F5C0004A1351BF2A6813BF3D4D51BFEE1513BFFB
:10F5D000108751BF9AC312BFC2C051BF307112BF52
:10F5E00054FA51BFB01E12BFC63352BF19CC11BF5F
:10F5F000186D52BF6B7911BF49A652BFA72611BF24
:10F6000059DF52BFCDD310BF491853BFDC8010BFA4
:10F61000185153BFD52D10BFC78953BFB8DA0FBFDC
:10F6200055C253BF84870FBFC3FA53BF3B340FBFCC
:10F630000F3354BFDBE00EBF3B6B54BF658D0EBF75
:10F6400047A354BFDA390EBF31DB54BF38E60DBFD4
:10F65000FB1255BF81920DBFA44A55BFB33E0DBFEB
:10F660002C8255BFD0EA0CBF93B955BFD7960CBFBB
:10F67000D9F055BFC9420CBFFE2756BFA5EE0BBF40
:10F68000025F56BF6B9A0BBFE59556BF1C460BBF7A
:10F69000A7CC56BFB7F10ABF480357BF3D9D0ABF6D
:10F6A000C73957BFAD480ABF267057BF09F409BF15
:10F6B00063A657BF4E9F09BF7FDC57BF7F4A09BF74
:10F6C000791258BF9BF508BF534858BFA1A008BF87
:10F6D0000B7E58BF924B08BFA1B358BF6FF607BF50
:10F6E00017E958BF36A107BF6A1E59BFE84B07BFCD
:10F6F0009C5359BF86F606BFAD8859BF0EA106BF01
:10F700009CBD59BF824B06BF6AF259BFE2F505BFE7
:10F7100016275ABF2CA005BFA05B5ABF624A05BF7F
:10F7200009905ABF84F404BF50C45ABF919E04BFCD
:10F7300075F85ABF894804BF792C5BBF6DF203BFCF
:10F740005A605BBF3D9C03BF1A945BBFF84503BF83
:10F75000B8C75BBF9FEF02BF34FB5BBF329902BFEC
:10F760008E2E5CBFB14202BFC7615CBF1CEC01BF03
:10F77000DD945CBF739501BFD1C75CBFB53E01BFCF
:10F78000A3FA5CBFE4E700BF532D5DBFFF9000BF4D
:10F79000E15F5DBF063A00BF4D925DBFF3C5FFBE9E
:10F7A00097C45DBFB217FFBEBEF65DBF4A69FEBE1D
:10F7B000C3285EBFBBBAFDBEA65A5EBF040CFDBE29
:10F7C000678C5EBF275DFCBE05BE5EBF22AEFBBE82
:10F7D00081EF5EBFF7FEFABEDB205FBFA54FFABE2A
:10F7E00012525FBF2DA0F9BE27835FBF8EF0F8BE17
:10F7F00019B45FBFC840F8BEE9E45FBFDC90F7BE54
:10F80000961560BFCBE0F6BE214660BF9330F6BED2
:10F81000897660BF3580F5BECFA660BFB1CFF4BE9C
:10F82000F2D660BF071FF4BEF20661BF386EF3BEAA
:10F83000D03661BF43BDF2BE8A6661BF290CF2BEFD
:10F84000229661BFEA5AF1BE98C561BF85A9F0BE94
:10F85000EAF461BFFBF7EFBE1A2462BF4C46EFBE6D
:10F86000265362BF7994EEBE108262BF80E2EDBE85
:10F87000D7B062BF6330EDBE7BDF62BF217EECBEDE
:10F88000FC0D63BFBBCBEBBE5A3C63BF3019EBBE74
:10F89000956A63BF8166EABEAC9863BFAEB3E9BE4A
:10F8A000A1C663BFB700E9BE73F463BF9C4DE8BE59
:10F8B000212264BF5D9AE7BEAC4F64BFFBE6E6BEA3
:10F8C000147D64BF7533E6BE59AA64BFCB7FE5BE25
:10F8D0007BD764BFFECBE4BE790465BF0E18E4BEDF
:10F8E000543165BFFA63E3BE0B5E65BFC4AFE2BED1
:10F8F000A08A65BF6AFBE1BE10B765BFEE46E1BEF8
:10F900005EE365BF4F92E0BE880F66BF8DDDDFBE50
:10F910008E3B66BFA928DFBE716766BFA273DEBEDD
:10F92000309366BF79BEDDBECCBE66BF2E09DDBE9C
:10F9300045EA66BFC153DCBE991567BF319EDBBE89
:10F94000CA4067BF80E8DABED86B67BFAD32DABEA7
:10F95000C19667BFB97CD9BE87C167BFA3C6D8BEF1
:10F960002AEC67BF6B10D8BEA81668BF135AD7BE63
:10F97000034168BF99A3D6BE396B68BFFDECD5BE05
:10F980004C9568BF4136D5BE3CBF68BF647FD4BECE
:10F9900007E968BF67C8D3BEAE1269BF4811D3BEBE
:10F9A000323C69BF095AD2BE916569BFAAA2D1BED5
:10F9B000CC8E69BF2AEBD0BEE4B769BF8A33D0BE14
:10F9C000D7E069BFCA7BCFBEA7096ABFEAC3CEBE74
:10F9D00052326ABFEA0BCEBED95A6ABFCA53CDBEF5
:10F9E0003C836ABF8B9BCCBE7BAB6ABF2CE3CBBE98
:10F9F00095D36ABFAE2ACBBE8CFB6ABF1072CABE5B
:10FA00005E236BBF53B9C9BE0C4B6BBF7700C9BE39
:10FA100095726BBF7C47C8BEFB996BBF628EC7BE39
:10FA20003BC16BBF29D5C6BE58E86BBFD21BC6BE53
:10FA3000500F6CBF5C62C5BE24366CBFC8A8C4BE84
:10FA4000D45C6CBF15EFC3BE5E836CBF4435C3BED0
:10FA5000C5A96CBF557BC2BE07D06CBF48C1C1BE33
:10FA600024F66CBF1E07C1BE1D1C6DBFD54CC0BEA9
:10FA7000F2416DBF6F92BFBEA1676DBFEBD7BEBE37
:10FA80002D8D6DBF4A1DBEBE93B26DBF8B62BDBED4
:10FA9000D5D76DBFAFA7BCBEF2FC6DBFB6ECBBBE89
:10FAA000EB216EBFA031BBBEBE466EBF6E76BABE46
:10FAB0006D6B6EBF1EBBB9BEF88F6EBFB2FFB8BE16
:10FAC0005DB46EBF2A44B8BE9ED86EBF8488B7BEF0
:10FAD000BAFC6EBFC3CCB6BEB0206FBFE610B6BED8
:10FAE00083446FBFEC54B5BE30686FBFD698B4BEC8
:10FAF000B88B6FBFA5DCB3BE1BAF6FBF5820B3BEC2
:10FB00005AD26FBFEF63B2BE73F56FBF6BA7B1BEC2
:10FB1000671870BFCBEAB0BE373B70BF102EB0BEC7
:10FB2000E15D70BF3A71AFBE668070BF49B4AEBED2
:10FB3000C6A270BF3CF7ADBE02C570BF153AADBEE0
:10FB400017E770BFD47CACBE080971BF77BFABBEEE
:10FB5000D42A71BF0102ABBE7A4C71BF6F44AABEFA
:10FB6000FB6D71BFC486A9BE578F71BFFEC8A8BE0A
:10FB70008EB071BF1F0BA8BE9FD171BF254DA7BE10
:10FB80008CF271BF128FA6BE521372BFE5D0A5BE14
:10FB9000F43372BF9F12A5BE705472BF3F54A4BE0F
:10FBA000C77472BFC595A3BEF89472BF33D7A2BE07
:10FBB00004B572BF8718A2BEEBD472BFC259A1BEF2
:10FBC000ACF472BFE59AA0BE471473BFEEDB9FBED4
:10FBD000BE3373BFDF1C9FBE0E5373BFB85D9EBEA6
:10FBE000397273BF789E9DBE3F9173BF20DF9CBE6C
:10FBF0001FB073BFAF1F9CBED9CE73BF27609BBE23
:10FC00006EED73BF86A09ABEDD0B74BFCEE099BEC9
:10FC1000272A74BFFE2099BE4B4874BF166198BE58
:10FC2000496674BF17A197BE228474BF00E196BED7
:10FC3000D5A174BFD22096BE62BF74BF8D6095BE41
:10FC4000C9DC74BF31A094BE0BFA74BFBFDF93BE92
:10FC5000271775BF351F93BE1D3475BF945E92BEC6
:10FC6000ED5075BFDD9D91BE976D75BF10DD90BEE7
:10FC70001C8A75BF2C1C90BE7BA675BF325B8FBEE5
:10FC8000B3C275BF229A8EBEC6DE75BFFCD88DBECC
:10FC9000B3FA75BFC0178DBE7A1676BF6E568CBE8E
:10FCA0001B3276BF07958BBE974D76BF8AD38ABE2F
:10FCB000EC6876BFF8118ABE1B8476BF505089BEAF
:10FCC000249F76BF938E88BE07BA76BFC1CC87BE0D
:10FCD000C4D476BFDA0A87BE5BEF76BFDF4886BE44
:10FCE000CC0977BFCE8685BE172477BFAAC484BE51
:10FCF0003C3E77BF700284BE3A5877BF224083BE35
:10FD0000137277BFC07D82BEC58B77BF4ABB81BEF1
:10FD100051A577BFC0F880BEB7BE77BF223680BE80
:10FD2000F7D777BFE1E67EBE10F177BF56617DBEA3
:10FD3000040A78BFA4DB7BBED12278BFCB557ABE44
:10FD4000773B78BFCCCF78BEF85378BFA64977BE53
:10FD5000526C78BF5AC375BE868478BFE83C74BEC7
:10FD6000939C78BF51B672BE7BB478BF942F71BE9E
:10FD70003BCC78BFB2A86FBED6E378BFAB216EBED6
:10FD80004AFB78BF7F9A6CBE981279BF2F136BBE67
:10FD9000BF2979BFBA8B69BEC04079BF220468BE53
:10FDA0009A5779BF667C66BE4E6E79BF86F464BE94
:10FDB000DC8479BF836C63BE439B79BF5CE461BE26
:10FDC00083B179BF135C60BE9DC779BFA8D35EBE07
:10FDD00091DD79BF1A4B5DBE5EF379BF6AC25BBE2F
:10FDE00004097ABF97395ABE841E7ABFA4B058BEA0
:10FDF000DD337ABF8F2757BE10497ABF589E55BE54
:10FE00001C5E7ABF011554BE02737ABF898B52BE45
:10FE1000C1877ABFF10151BE599C7ABF38784FBE75
:10FE2000CBB07ABF60EE4DBE16C57ABF67644CBEDC
:10FE30003AD97ABF4FDA4ABE37ED7ABF185049BE79
:10FE40000E017BBFC2C547BEBE147BBF4D3B46BE45
:10FE500048287BBFB9B044BEAB3B7BBF072643BE3F
:10FE6000E74E7BBF379B41BEFC617BBF491040BE64
:10FE7000EA747BBF3E853EBEB2877BBF15FA3CBEAF
:10FE8000539A7BBFCF6E3BBECDAC7BBF6CE339BE1C
:10FE900020BF7BBFEC5738BE4DD17BBF50CC36BEA8
:10FEA00053E37BBF984035BE31F57BBFC4B433BE4E
:10FEB000E9067CBFD42832BE7A187CBFC99C30BE0C
:10FEC000E5297CBFA2102FBE283B7CBF61842DBEDC
:10FED000444C7CBF04F82BBE3A5D7CBF8D6B2ABEC0
:10FEE000086E7CBFFCDE28BEB07E7CBF515227BEB0
:10FEF000318F7CBF8CC525BE8A9F7CBFAD3824BEA8
:10FF0000BDAF7CBFB6AB22BEC9BF7CBFA51E21BEA4
:10FF1000AECF7CBF7B911FBE6CDF7CBF38041EBEA2
:10FF200003EF7CBFDE761CBE73FE7CBF6BE91ABE9E
:10FF3000BC0D7DBFE05B19BEDD1C7DBF3DCE17BE95
:10FF4000D82B7DBF834016BEAC3A7DBFB2B214BE83
:10FF500059497DBFCA2413BEDE577DBFCC9611BE62
:10FF60003D667DBFB70810BE74747DBF8B7A0EBE30
:10FF700085827DBF4AEC0CBE6E907DBFF35D0BBEEB
:10FF8000309E7DBF86CF09BECCAB7DBF054108BE8C
:10FF900040B97DBF6EB206BE8CC67DBFC22305BE12
:10FFA000B2D37DBF029503BEB1E07DBF2E0602BE77
:10FFB00088ED7DBF457700BE38FA7DBF92D0FDBD8C
:10FFC000C2067EBF73B2FABD24137EBF2C94F7BD68
:10FFD0005E1F7EBFC075F4BD722B7EBF2E57F1BD74
:10FFE0005E377EBF7638EEBD23437EBF9A19EBBDE8
:10FFF000C14E7EBF9AFAE7BD385A7EBF76DBE4BDBC
:020000040801F1
:1000000088657EBF2EBCE1BDB0707EBFC49CDEBDE6
:10001000B17B7EBF377DDBBD8B867EBF895DD8BD62
:100020003D917EBFB93DD5BDC99B7EBFC81DD2BD28
:100030002DA67EBFB7FDCEBD69B07EBF86DDCBBD30
:100040007FBA7EBF36BDC8BD6DC47EBFC69CC5BD70
:1000500034CE7EBF397CC2BDD4D77EBF8D5BBFBDE1
:100060004CE17EBFC33ABCBD9DEA7EBFDD19B9BD80
:10007000C7F37EBFDAF8B5BDC9FC7EBFBBD7B2BD42
:10008000A4057FBF80B6AFBD580E7FBF2B95ACBD1A
:10009000E4167FBFBA73A9BD491F7FBF3052A6BD0A
:1000A00087277FBF8C30A3BD9D2F7FBFCF0EA0BD04
:1000B0008D377FBFF9EC9CBD543F7FBF0ACB99BD04
:1000C000F4467FBF05A996BD6D4E7FBFE78693BD01
:1000D000BF557FBFB46490BDE95C7FBF6A428DBDF0
:1000E000EC637FBF0A208ABDC76A7FBF94FD86BDCF
:1000F0007B717FBF0ADB83BD08787FBF6CB880BD92
:100100006D7E7FBF742B7BBDAB847FBFE9E574BD83
:10011000C28A7FBF38A06EBDB1907FBF625A68BDF2
:1001200078967FBF681462BD189C7FBF4CCE5BBDC4
:1001300091A17FBF0E8855BDE3A67FBFAF414FBDE4
:100140000DAC7FBF2FFB48BD0FB17FBF91B442BD47
:10015000EAB57FBFD56D3CBD9EBA7FBFFC2636BDDC
:100160002ABF7FBF07E02FBD8FC37FBFF69829BD91
:10017000CCC77FBFCC5123BDE2CB7FBF880A1DBD5A
:10018000D1CF7FBF2CC316BD98D37FBFB87B10BD26
:1001900037D77FBF2F340ABDAFDA7FBF90EC03BDE6
:1001A00000DE7FBFB949FBBC29E17FBF2DBAEEBCA1
:1001B0002BE47FBF7B2AE2BC05E77FBFA69AD5BCB4
:1001C000B8E97FBFB00AC9BC43EC7FBF9B7ABCBC17
:1001D000A7EE7FBF69EAAFBCE3F07FBF1C5AA3BCA8
:1001E000F8F27FBFB6C996BCE6F47FBF38398ABC47
:1001F000ACF67FBF4B517BBC4AF87FBF003062BC7E
:10020000C1F97FBF900E49BC11FB7FBF02ED2FBC2F
:1002100039FC7FBF59CB16BC39FD7FBF3053FBBBC8
:1002200013FE7FBF890FC9BBC4FE7FBFC1CB96BB86
:100230004EFF7FBFC70F49BBB1FF7FBFD40FC9BA05
:10024000ECFF7FBF00000080000080BFD40FC93AE0
:10025000ECFF7FBFC70F493BB1FF7FBFC1CB963BD0
:100260004EFF7FBF890FC93BC4FE7FBF3053FB3BAE
:1002700013FE7FBF59CB163C39FD7FBF02ED2F3CEB
:1002800039FC7FBF900E493C11FB7FBF0030623CC0
:10029000C1F97FBF4B517B3C4AF87FBF38398A3C5C
:1002A000ACF67FBFB6C9963CE6F47FBF1C5AA33CB0
:1002B000F8F27FBF69EAAF3CE3F07FBF9B7ABC3CBA
:1002C000A7EE7FBFB00AC93C43EC7FBFA69AD53CDE
:1002D000B8E97FBF7B2AE23C05E77FBF2DBAEE3C41
:1002E0002BE47FBFB949FB3C29E17FBF90EC033D84
:1002F00000DE7FBF2F340A3DAFDA7FBFB87B103DF1
:1003000037D77FBF2CC3163D98D37FBF880A1D3DCA
:10031000D1CF7FBFCC51233DE2CB7FBFF698293DA3
:10032000CCC77FBF07E02F3D8FC37FBFFC26363D84
:100330002ABF7FBFD56D3C3D9EBA7FBF91B4423D81
:10034000EAB57FBF2FFB483D0FB17FBFAF414F3DA7
:100350000DAC7FBF0E88553DE3A67FBF4CCE5B3D05
:1003600091A17FBF6814623D189C7FBF625A683DAF
:1003700078967FBF38A06E3DB1907FBFE9E5743DB0
:10038000C28A7FBF742B7B3DAB847FBF6CB8803D3E
:100390006D7E7FBF0ADB833D08787FBF94FD863D7D
:1003A0007B717FBF0A208A3DC76A7FBF6A428D3D4D
:1003B000EC637FBFB464903DE95C7FBFE786933D0B
:1003C000BF557FBF05A9963D6D4E7FBF0ACB993DB6
:1003D000F4467FBFF9EC9C3D543F7FBFCF0EA03D5C
:1003E0008D377FBF8C30A33D9D2F7FBF3052A63D00
:1003F00087277FBFBA73A93D491F7FBF2B95AC3DAF
:10040000E4167FBF80B6AF3D580E7FBFBBD7B23D6D
:10041000A4057FBFDAF8B53DC9FC7EBFDD19B93D43
:10042000C7F37EBFC33ABC3D9DEA7EBF8D5BBF3D37
:100430004CE17EBF397CC23DD4D77EBFC69CC53D52
:1004400034CE7EBF36BDC83D6DC47EBF86DDCB3D9C
:100450007FBA7EBFB7FDCE3D69B07EBFC81DD23D1D
:100460002DA67EBFB93DD53DC99B7EBF895DD83DD8
:100470003D917EBF377DDB3D8B867EBFC49CDE3DDC
:10048000B17B7EBF2EBCE13DB0707EBF76DBE43D2C
:1004900088657EBF9AFAE73D385A7EBF9A19EB3DD0
:1004A000C14E7EBF7638EE3D23437EBF2E57F13DD1
:1004B0005E377EBFC075F43D722B7EBF2C94F73D36
:1004C0005E1F7EBF73B2FA3D24137EBF92D0FD3D06
:1004D000C2067EBF4577003E38FA7DBF2E06023E3B
:1004E00088ED7DBF0295033EB1E07DBFC223053E8E
:1004F000B2D37DBF6EB2063E8CC67DBF0541083EBD
:1005000040B97DBF86CF093ECCAB7DBFF35D0B3ECE
:10051000309E7DBF4AEC0C3E6E907DBF8B7A0E3EC6
:1005200085827DBFB708103E74747DBFCC96113EA6
:100530003D667DBFCA24133EDE577DBFB2B2143E76
:1005400059497DBF8340163EAC3A7DBF3DCE173E34
:10055000D82B7DBFE05B193EDD1C7DBF6BE91A3EE9
:10056000BC0D7DBFDE761C3E73FE7CBF38041E3E94
:1005700003EF7CBF7B911F3E6CDF7CBFA51E213E3D
:10058000AECF7CBFB6AB223EC9BF7CBFAD38243EE8
:10059000BDAF7CBF8CC5253E8A9F7CBF5152273E94
:1005A000318F7CBFFCDE283EB07E7CBF8D6B2A3E47
:1005B000086E7CBF04F82B3E3A5D7CBF61842D3E03
:1005C000444C7CBFA2102F3E283B7CBFC99C303ED0
:1005D000E5297CBFD428323E7A187CBFC4B4333EB0
:1005E000E9067CBF9840353E31F57BBF50CC363EA6
:1005F00053E37BBFEC57383E4DD17BBF6CE3393EB4
:1006000020BF7BBFCF6E3B3ECDAC7BBF15FA3C3EDF
:10061000539A7BBF3E853E3EB2877BBF4910403E2A
:10062000EA747BBF379B413EFC617BBF0726433E9C
:10063000E74E7BBFB9B0443EAB3B7BBF4D3B463E34
:1006400048287BBFC2C5473EBE147BBF1850493EF9
:100650000E017BBF4FDA4A3E37ED7ABF67644C3EEE
:100660003AD97ABF60EE4D3E16C57ABF38784F3E14
:10067000CBB07ABFF101513E599C7ABF898B523E73
:10068000C1877ABF0115543E02737ABF589E553E0A
:100690001C5E7ABF8F27573E10497ABFA4B0583EE0
:1006A000DD337ABF97395A3E841E7ABF6AC25B3EF9
:1006B00004097ABF1A4B5D3E5EF379BFA8D35E3E54
:1006C00091DD79BF135C603E9DC779BF5CE4613EFC
:1006D00083B179BF836C633E439B79BF86F4643EEC
:1006E000DC8479BF667C663E4E6E79BF2204683E2C
:1006F0009A5779BFBA8B693EC04079BF2F136B3EC2
:10070000BF2979BF7F9A6C3E981279BFAB216E3EAC
:100710004AFB78BFB2A86F3ED6E378BF942F713EF4
:100720003BCC78BF51B6723E7BB478BFE83C743E98
:10073000939C78BF5AC3753E868478BFA649773E9E
:10074000526C78BFCCCF783EF85378BFCB557A3E09
:10075000773B78BFA4DB7B3ED12278BF56617D3EDC
:10076000040A78BFE1E67E3E10F177BF2236803E74
:10077000F7D777BFC0F8803EB7BE77BF4ABB813E90
:1007800051A577BFC07D823EC58B77BF2240833E97
:10079000137277BF7002843E3A5877BFAAC4843E72
:1007A0003C3E77BFCE86853E172477BFDF48863E26
:1007B000CC0977BFDA0A873E5BEF76BFC1CC873EB4
:1007C000C4D476BF938E883E07BA76BF5050893E18
:1007D000249F76BFF8118A3E1B8476BF8AD38A3E57
:1007E000EC6876BF07958B3E974D76BF6E568C3E74
:1007F0001B3276BFC0178D3E7A1676BFFCD88D3E71
:10080000B3FA75BF229A8E3EC6DE75BF325B8F3E4D
:10081000B3C275BF2C1C903E7BA675BF10DD903E09
:100820001C8A75BFDD9D913E976D75BF945E923EAB
:10083000ED5075BF351F933E1D3475BFBFDF933E2E
:10084000271775BF31A0943E0BFA74BF8D60953E9B
:10085000C9DC74BFD220963E62BF74BF00E1963EF1
:10086000D5A174BF17A1973E228474BF1661983E2C
:10087000496674BFFE20993E4B4874BFCEE0993E56
:10088000272A74BF86A09A3EDD0B74BF27609B3E6B
:100890006EED73BFAF1F9C3ED9CE73BF20DF9C3E71
:1008A0001FB073BF789E9D3E3F9173BFB85D9E3E63
:1008B000397273BFDF1C9F3E0E5373BFEEDB9F3E4A
:1008C000BE3373BFE59AA03E471473BFC259A13E21
:1008D000ACF472BF8718A23EEBD472BF33D7A23EEE
:1008E00004B572BFC595A33EF89472BF3F54A43EB1
:1008F000C77472BF9F12A53E705472BFE5D0A53E6B
:10090000F43372BF128FA63E521372BF254DA73E1D
:100910008CF271BF1F0BA83E9FD171BFFEC8A83ECD
:100920008EB071BFC486A93E578F71BF6F44AA3E77
:10093000FB6D71BF0102AB3E7A4C71BF77BFAB3E1E
:10094000D42A71BFD47CAC3E080971BF153AAD3EC4
:1009500017E770BF3CF7AD3E02C570BF49B4AE3E6D
:10096000C6A270BF3A71AF3E668070BF102EB03E17
:10097000E15D70BFCBEAB03E373B70BF6BA7B13EC5
:10098000671870BFEF63B23E73F56FBF5820B33E78
:100990005AD26FBFA5DCB33E1BAF6FBFD698B43E33
:1009A000B88B6FBFEC54B53E30686FBFE610B63EF3
:1009B00083446FBFC3CCB63EB0206FBF8488B73EC0
:1009C000BAFC6EBF2A44B83E9ED86EBFB2FFB83E96
:1009D0005DB46EBF1EBBB93EF88F6EBF6E76BA3E79
:1009E0006D6B6EBFA031BB3EBE466EBFB6ECBB3E6C
:1009F000EB216EBFAFA7BC3EF2FC6DBF8B62BD3E6C
:100A0000D5D76DBF4A1DBE3E93B26DBFEBD7BE3E7C
:100A10002D8D6DBF6F92BF3EA1676DBFD54CC03E9F
:100A2000F2416DBF1E07C13E1D1C6DBF48C1C13ED6
:100A300024F66CBF557BC23E07D06CBF4435C33E25
:100A4000C5A96CBF15EFC33E5E836CBFC8A8C43E8A
:100A5000D45C6CBF5C62C53E24366CBFD21BC63E04
:100A6000500F6CBF29D5C63E58E86BBF628EC73E9B
:100A70003BC16BBF7C47C83EFB996BBF7700C93E4B
:100A800095726BBF53B9C93E0C4B6BBF1072CA3E17
:100A90005E236BBFAE2ACB3E8CFB6ABF2CE3CB3E02
:100AA00095D36ABF8B9BCC3E7BAB6ABFCA53CD3E0E
:100AB0003C836ABFEA0BCE3ED95A6ABFEAC3CE3E38
:100AC00052326ABFCA7BCF3EA7096ABF8A33D03E83
:100AD000D7E069BF2AEBD03EE4B769BFAAA2D13EF6
:100AE000CC8E69BF095AD23E916569BF4811D33E89
:100AF000323C69BF67C8D33EAE1269BF647FD43E43
:100B000007E968BF4136D53E3CBF68BFFDECD53E26
:100B10004C9568BF99A3D63E396B68BF135AD73E30
:100B2000034168BF6B10D83EA81668BFA3C6D83E65
:100B30002AEC67BFB97CD93E87C167BFAD32DA3EC8
:100B4000C19667BF80E8DA3ED86B67BF319EDB3E57
:100B5000CA4067BFC153DC3E991567BF2E09DD3E11
:100B600045EA66BF79BEDD3ECCBE66BFA273DE3EFF
:100B7000309366BFA928DF3E716766BF8DDDDF3E1B
:100B80008E3B66BF4F92E03E880F66BFEE46E13E69
:100B90005EE365BF6AFBE13E10B765BFC4AFE23EEE
:100BA000A08A65BFFA63E33E0B5E65BF0E18E43EA4
:100BB000543165BFFECBE43E790465BFCB7FE53E93
:100BC0007BD764BF7533E63E59AA64BFFBE6E63EB9
:100BD000147D64BF5D9AE73EAC4F64BF9C4DE83E18
:100BE000212264BFB700E93E73F463BFAEB3E93EB0
:100BF000A1C663BF8166EA3EAC9863BF3019EB3E85
:100C0000956A63BFBBCBEB3E5A3C63BF217EEC3E93
:100C1000FC0D63BF6330ED3E7BDF62BF80E2ED3EE3
:100C2000D7B062BF7994EE3E108262BF4C46EF3E71
:100C3000265362BFFBF7EF3E1A2462BF85A9F03E40
:100C4000EAF461BFEA5AF13E98C561BF290CF23E51
:100C5000229661BF43BDF23E8A6661BF386EF33EA5
:100C6000D03661BF071FF43EF20661BFB1CFF43E3C
:100C7000F2D660BF3580F53ECFA660BF9330F63E1A
:100C8000897660BFCBE0F63E214660BFDC90F73E40
:100C9000961560BFC840F83EE9E45FBF8EF0F83EAD
:100CA00019B45FBF2DA0F93E27835FBFA54FFA3E61
:100CB00012525FBFF7FEFA3EDB205FBF22AEFB3E63
:100CC00081EF5EBF275DFC3E05BE5EBF040CFD3EAE
:100CD000678C5EBFBBBAFD3EA65A5EBF4A69FE3E48
:100CE000C3285EBFB217FF3EBEF65DBFF3C5FF3E31
:100CF00097C45DBF063A003F4D925DBFFF90003F35
:100D0000E15F5DBFE4E7003F532D5DBFB53E013FAE
:100D1000A3FA5CBF7395013FD1C75CBF1CEC013FD8
:100D2000DD945CBFB142023FC7615CBF3299023FB4
:100D30008E2E5CBF9FEF023F34FB5BBFF845033F45
:100D4000B8C75BBF3D9C033F1A945BBF6DF2033F86
:100D50005A605BBF8948043F792C5BBF919E043F7A
:100D600075F85ABF84F4043F50C45ABF624A053F25
:100D700009905ABF2CA0053FA05B5ABFE2F5053F82
:100D800016275ABF824B063F6AF259BF0EA1063F93
:100D90009CBD59BF86F6063FAD8859BFE84B073F5B
:100DA0009C5359BF36A1073F6A1E59BF6FF6073FD4
:100DB00017E958BF924B083FA1B358BFA1A0083F05
:100DC0000B7E58BF9BF5083F534858BF7F4A093FE9
:100DD000791258BF4E9F093F7FDC57BF09F4093F86
:100DE00063A657BFAD480A3F267057BF3D9D0A3FD7
:100DF000C73957BFB7F10A3F480357BF1C460B3FDF
:100E0000A7CC56BF6B9A0B3FE59556BFA5EE0B3F9F
:100E1000025F56BFC9420C3FFE2756BFD7960C3F14
:100E2000D9F055BFD0EA0C3F93B955BFB33E0D3F43
:100E30002C8255BF81920D3FA44A55BF38E60D3F25
:100E4000FB1255BFDA390E3F31DB54BF658D0E3FC3
:100E500047A354BFDBE00E3F3B6B54BF3B340F3F17
:100E60000F3354BF84870F3FC3FA53BFB8DA0F3F25
:100E700055C253BFD52D103FC78953BFDC80103FEB
:100E8000185153BFCDD3103F491853BFA726113F68
:100E900059DF52BF6B79113F49A652BF19CC113FA0
:100EA000186D52BFB01E123FC63352BF3071123F91
:100EB00054FA51BF9AC3123FC2C051BFEE15133F3F
:100EC000108751BF2A68133F3D4D51BF50BA133FA1
:100ED0004A1351BF5F0C143F37D950BF585E143FBF
:100EE000039F50BF39B0143FAF6450BF0402153F99
:100EF0003B2A50BFB753153FA8EF4FBF54A5153F2E
:100F0000F4B44FBFD9F6153F1F7A4FBF4748163F7D
:100F10002B3F4FBF9F99163F17044FBFDFEA163F85
:100F2000E4C84EBF073C173F908D4EBF188D173F4A
:100F30001C524EBF12DE173F89164EBFF52E183FCA
:100F4000D5DA4DBFC07F183F029F4DBF73D0183F09
:100F500010634DBF0F21193FFD264DBF9471193FFE
:100F6000CBEA4CBF00C2193F79AE4CBF55121A3FB5
:100F700008724CBF93621A3F78354CBFB8B21A3F23
:100F8000C7F84BBFC6021B3FF8BB4BBFBB521B3F52
:100F9000097F4BBF99A21B3FFA414BBF5FF21B3F3A
:100FA000CC044BBF0C421C3F7FC74ABFA2911C3FE1
:100FB000138A4ABF1FE11C3F874C4ABF84301D3F44
:100FC000DC0E4ABFD17F1D3F12D149BF06CF1D3F66
:100FD000299349BF221E1E3F215549BF266D1E3F42
:100FE000FA1649BF12BC1E3FB3D848BFE50A1F3FDF
:100FF0004E9A48BF9F591F3FCA5B48BF41A81F3F39
:10100000271D48BFCBF61F3F65DE47BF3B45203F4E
:10101000849F47BF9393203F856047BFD2E1203F25
:10102000672147BFF92F213F2AE246BF067E213FB5
:10103000CEA246BFFBCB213F546346BFD719223F08
:10104000BB2346BF9967223F03E445BF43B5223F18
:101050002DA445BFD302233F396445BF4B50233FE6
:10106000262445BFA99D233FF5E344BFEEEA233F75
:10107000A5A344BF1A38243F376344BF2C85243FBF
:10108000AB2244BF25D2243F00E243BF041F253FCB
:1010900038A143BFCB6B253F516043BF77B8253F95
:1010A0004C1F43BF0A05263F29DE42BF8451263F1D
:1010B000E89C42BFE39D263F895B42BF2AEA263F68
:1010C0000B1A42BF5636273F70D841BF6882273F70
:1010D000B79641BF61CE273FE15441BF401A283F38
:1010E000EC1241BF0566283FDAD040BFB0B1283FBF
:1010F000A98E40BF41FD283F5C4C40BFB848293F06
:10110000F00940BF1594293F67C73FBF57DF293F0C
:10111000C0843FBF802A2A3FFC413FBF8E752A3FD3
:101120001BFF3EBF82C02A3F1BBC3EBF5B0B2B3F59
:10113000FF783EBF1B562B3FC5353EBFBFA02B3FA0
:101140006EF23DBF4AEB2B3FF9AE3DBFB9352C3FA8
:10115000676B3DBF0F802C3FB8273DBF49CA2C3F6E
:10116000ECE33CBF69142D3F03A03CBF6F5E2D3FF5
:10117000FC5B3CBF59A82D3FD9173CBF29F22D3F3E
:1011800098D33BBFDE3B2E3F3B8F3BBF78852E3F46
:10119000C14A3BBFF7CE2E3F29063BBF5B182F3F0E
:1011A00075C13ABFA5612F3FA47C3ABFD3AA2F3F98
:1011B000B7373ABFE6F32F3FACF239BFDE3C303FE2
:1011C00085AD39BFBB85303F426839BF7CCE303FEB
:1011D000E12239BF2217313F65DD38BFAD5F313FB6
:1011E000CB9738BF1DA8313F165238BF71F0313F41
:1011F000430C38BFAA38323F55C637BFC780323F8D
:101200004A8037BFC9C8323F233A37BFAF10333F98
:10121000DFF336BF7A58333F7FAD36BF29A0333F67
:10122000046736BFBCE7333F6C2036BF342F343FF2
:10123000B8D935BF8F76343FE79235BFCFBD343F45
:10124000FB4B35BFF304353FF30435BFFB4B353F54
:10125000CFBD34BFE792353F8F7634BFB8D9353F25
:10126000342F34BF6C20363FBCE733BF0467363FB2
:1012700029A033BF7FAD363F7A5833BFDFF3363F07
:10128000AF1033BF233A373FC9C832BF4A80373F18
:10129000C78032BF55C6373FAA3832BF430C383FEC
:1012A00071F031BF1652383F1DA831BFCB97383F80
:1012B000AD5F31BF65DD383F221731BFE122393FD5
:1012C0007CCE30BF4268393FBB8530BF85AD393FEA
:1012D000DE3C30BFACF2393FE6F32FBFB7373A3FC1
:1012E000D3AA2FBFA47C3A3FA5612FBF75C13A3F57
:1012F0005B182FBF29063B3FF7CE2EBFC14A3B3FAD
:1013000078852EBF3B8F3B3FDE3B2EBF98D33B3FC4
:1013100029F22DBFD9173C3F59A82DBFFC5B3C3F9C
:101320006F5E2DBF03A03C3F69142DBFECE33C3F33
:1013300049CA2CBFB8273D3F0F802CBF676B3D3F8C
:10134000B9352CBFF9AE3D3F4AEB2BBF6EF23D3FA6
:10135000BFA02BBFC5353E3F1B562BBFFF783E3F7E
:101360005B0B2BBF1BBC3E3F82C02ABF1BFF3E3F17
:101370008E752ABFFC413F3F802A2ABFC0843F3F71
:1013800057DF29BF67C73F3F159429BFF009403F8A
:10139000B84829BF5C4C403F41FD28BFA98E403F63
:1013A000B0B128BFDAD0403F056628BFEC12413FFC
:1013B000401A28BFE154413F61CE27BFB796413F55
:1013C000688227BF70D8413F563627BF0B1A423F6D
:1013D0002AEA26BF895B423FE39D26BFE89C423F45
:1013E000845126BF29DE423F0A0526BF4C1F433FDA
:1013F00077B825BF5160433FCB6B25BF38A1433F32
:10140000041F25BF00E2433F25D224BFAB22443F47
:101410002C8524BF3763443F1A3824BFA5A3443F1B
:10142000EEEA23BFF5E3443FA99D23BF2624453FB1
:101430004B5023BF3964453FD30223BF2DA4453F02
:1014400043B522BF03E4453F996722BFBB23463F14
:10145000D71922BF5463463FFBCB21BFCEA2463FE4
:10146000067E21BF2AE2463FF92F21BF6721473F71
:10147000D2E120BF8560473F939320BF849F473FC1
:101480003B4520BF65DE473FCBF61FBF271D483FCA
:1014900041A81FBFCA5B483F9F591FBF4E9A483F94
:1014A000E50A1FBFB3D8483F12BC1EBFFA16493F1A
:1014B000266D1EBF2155493F221E1EBF2993493F5D
:1014C00006CF1DBF12D1493FD17F1DBFDC0E4A3F61
:1014D00084301DBF874C4A3F1FE11CBF138A4A3F1F
:1014E000A2911CBF7FC74A3F0C421CBFCC044B3F9C
:1014F0005FF21BBFFA414B3F99A21BBF097F4B3FD5
:10150000BB521BBFF8BB4B3FC6021BBFC7F84B3FCC
:10151000B8B21ABF78354C3F93621ABF08724C3F7D
:1015200055121ABF79AE4C3F00C219BFCBEA4C3FEF
:10153000947119BFFD264D3F0F2119BF10634D3F18
:1015400073D018BF029F4D3FC07F18BFD5DA4D3F03
:10155000F52E18BF89164E3F12DE17BF1C524E3FA4
:10156000188D17BF908D4E3F073C17BFE4C84E3F04
:10157000DFEA16BF17044F3F9F9916BF2B3F4F3F1F
:10158000474816BF1F7A4F3FD9F615BFF4B44F3FF7
:1015900054A515BFA8EF4F3FB75315BF3B2A503F87
:1015A000040215BFAF64503F39B014BF039F503FD2
:1015B000585E14BF37D9503F5F0C14BF4A13513FD8
:1015C00050BA13BF3D4D513F2A6813BF1087513F9A
:1015D000EE1513BFC2C0513F9AC312BF54FA513F18
:1015E000307112BFC633523FB01E12BF186D523F4A
:1015F00019CC11BF49A6523F6B7911BF59DF523F39
:10160000A72611BF4918533FCDD310BF1851533FE0
:10161000DC8010BFC789533FD52D10BF55C2533F43
:10162000B8DA0FBFC3FA533F84870FBF0F33543F5D
:101630003B340FBF3B6B543FDBE00EBF47A3543F2F
:10164000658D0EBF31DB543FDA390EBFFB12553FBB
:1016500038E60DBFA44A553F81920DBF2C82553FFD
:10166000B33E0DBF93B9553FD0EA0CBFD9F0553FFB
:10167000D7960CBFFE27563FC9420CBF025F563FAC
:10168000A5EE0BBFE595563F6B9A0BBFA7CC563F17
:101690001C460BBF4803573FB7F10ABFC739573F36
:1016A0003D9D0ABF2670573FAD480ABF63A6573F0E
:1016B00009F409BF7FDC573F4E9F09BF7912583F9D
:1016C0007F4A09BF5348583F9BF508BF0B7E583FE0
:1016D000A1A008BFA1B3583F924B08BF17E9583FDC
:1016E0006FF607BF6A1E593F36A107BF9C53593F8B
:1016F000E84B07BFAD88593F86F606BF9CBD593FF2
:101700000EA106BF6AF2593F824B06BF16275A3F09
:10171000E2F505BFA05B5A3F2CA005BF09905A3FD8
:10172000624A05BF50C45A3F84F404BF75F85A3F5B
:10173000919E04BF792C5B3F894804BF5A605B3F90
:101740006DF203BF1A945B3F3D9C03BFB8C75B3F7C
:10175000F84503BF34FB5B3F9FEF02BF8E2E5C3F1B
:10176000329902BFC7615C3FB14202BFDD945C3F6A
:101770001CEC01BFD1C75C3F739501BFA3FA5C3F6E
:10178000B53E01BF532D5D3FE4E700BFE15F5D3F24
:10179000FF9000BF4D925D3F063A00BF97C45D3F8A
:1017A000F3C5FFBEBEF65D3FB217FFBEC3285E3F66
:1017B0004A69FEBEA65A5E3FBBBAFDBE678C5E3F5D
:1017C000040CFDBE05BE5E3F275DFCBE81EF5E3FA3
:1017D00022AEFBBEDB205F3FF7FEFABE12525F3F38
:1017E000A54FFABE27835F3F2DA0F9BE19B45F3F16
:1017F0008EF0F8BEE9E45F3FC840F8BE9615603F42
:10180000DC90F7BE2146603FCBE0F6BE8976603FB4
:101810009330F6BECFA6603F3580F5BEF2D6603F6E
:10182000B1CFF4BEF206613F071FF4BED036613F70
:10183000386EF3BE8A66613F43BDF2BE2296613FB9
:10184000290CF2BE98C5613FEA5AF1BEEAF4613F45
:1018500085A9F0BE1A24623FFBF7EFBE2653623F14
:101860004C46EFBE1082623F7994EEBED7B0623F25
:1018700080E2EDBE7BDF623F6330EDBEFC0D633F77
:10188000217EECBE5A3C633FBBCBEBBE956A633F07
:101890003019EBBEAC98633F8166EABEA1C6633FD8
:1018A000AEB3E9BE73F4633FB700E9BE2122643FE3
:1018B0009C4DE8BEAC4F643F5D9AE7BE147D643F2B
:1018C000FBE6E6BE59AA643F7533E6BE7BD7643FAC
:1018D000CB7FE5BE7904653FFECBE4BE5431653F66
:1018E0000E18E4BE0B5E653FFA63E3BEA08A653F57
:1018F000C4AFE2BE10B7653F6AFBE1BE5EE3653F81
:10190000EE46E1BE880F663F4F92E0BE8E3B663FDB
:101910008DDDDFBE7167663FA928DFBE3093663F6D
:10192000A273DEBECCBE663F79BEDDBE45EA663F31
:101930002E09DDBE9915673FC153DCBECA40673F23
:10194000319EDBBED86B673F80E8DABEC196673F49
:10195000AD32DABE87C1673FB97CD9BE2AEC673F9A
:10196000A3C6D8BEA816683F6B10D8BE0341683F17
:10197000135AD7BE396B683F99A3D6BE4C95683FC2
:10198000FDECD5BE3CBF683F4136D5BE07E9683F98
:10199000647FD4BEAE12693F67C8D3BE323C693F94
:1019A0004811D3BE9165693F095AD2BECC8E693FBA
:1019B000AAA2D1BEE4B7693F2AEBD0BED7E0693F07
:1019C0008A33D0BEA7096A3FCA7BCFBE52326A3F74
:1019D000EAC3CEBED95A6A3FEA0BCEBE3C836A3F09
:1019E000CA53CDBE7BAB6A3F8B9BCCBE95D36A3FBF
:1019F0002CE3CBBE8CFB6A3FAE2ACBBE5E236B3F93
:101A00001072CABE0C4B6B3F53B9C9BE95726B3F87
:101A10007700C9BEFB996B3F7C47C8BE3BC16B3F9B
:101A2000628EC7BE58E86B3F29D5C6BE500F6C3FCB
:101A3000D21BC6BE24366C3F5C62C5BED45C6C3F14
:101A4000C8A8C4BE5E836C3F15EFC3BEC5A96C3F7A
:101A50004435C3BE07D06C3F557BC2BE24F66C3FF5
:101A600048C1C1BE1D1C6D3F1E07C1BEF2416D3F86
:101A7000D54CC0BEA1676D3F6F92BFBE2D8D6D3F2F
:101A8000EBD7BEBE93B26D3F4A1DBEBED5D76D3FEC
:101A90008B62BDBEF2FC6D3FAFA7BCBEEB216E3FBB
:101AA000B6ECBBBEBE466E3FA031BBBE6D6B6E3F9B
:101AB0006E76BABEF88F6E3F1EBBB9BE5DB46E3F88
:101AC000B2FFB8BE9ED86E3F2A44B8BEBAFC6E3F85
:101AD0008488B7BEB0206F3FC3CCB6BE83446F3F8F
:101AE000E610B6BE30686F3FEC54B5BEB88B6F3FA2
:101AF000D698B4BE1BAF6F3FA5DCB3BE5AD26F3FC2
:101B00005820B3BE73F56F3FEF63B2BE6718703FE6
:101B10006BA7B1BE373B703FCBEAB0BEE15D703F13
:101B2000102EB0BE6680703F3A71AFBEC6A2703F45
:101B300049B4AEBE02C5703F3CF7ADBE17E7703F7B
:101B4000153AADBE0809713FD47CACBED42A713FB2
:101B500077BFABBE7A4C713F0102ABBEFB6D713FEC
:101B60006F44AABE578F713FC486A9BE8EB0713F25
:101B7000FEC8A8BE9FD1713F1F0BA8BE8CF2713F5B
:101B8000254DA7BE5213723F128FA6BEF433723F8B
:101B9000E5D0A5BE7054723F9F12A5BEC774723FB8
:101BA0003F54A4BEF894723FC595A3BE04B5723FDE
:101BB00033D7A2BEEBD4723F8718A2BEACF4723FFB
:101BC000C259A1BE4714733FE59AA0BEBE33733F0E
:101BD000EEDB9FBE0E53733FDF1C9FBE3972733F17
:101BE000B85D9EBE3F91733F789E9DBE1FB0733F10
:101BF00020DF9CBED9CE733FAF1F9CBE6EED733FFE
:101C000027609BBEDD0B743F86A09ABE272A743FD7
:101C1000CEE099BE4B48743FFE2099BE4966743FA2
:101C2000166198BE2284743F17A197BED5A1743F58
:101C300000E196BE62BF743FD22096BEC9DC743FFD
:101C40008D6095BE0BFA743F31A094BE2717753F87
:101C5000BFDF93BE1D34753F351F93BEED50753FFA
:101C6000945E92BE976D753FDD9D91BE1C8A753F57
:101C700010DD90BE7BA6753F2C1C90BEB3C2753F95
:101C8000325B8FBEC6DE753F229A8EBEB3FA753FB9
:101C9000FCD88DBE7A16763FC0178DBE1B32763FBC
:101CA0006E568CBE974D763F07958BBEEC68763F9F
:101CB0008AD38ABE1B84763FF8118ABE249F763F62
:101CC000505089BE07BA763F938E88BEC4D4763F03
:101CD000C1CC87BE5BEF763FDA0A87BECC09773F7F
:101CE000DF4886BE1724773FCE8685BE3C3E773FD1
:101CF000AAC484BE3A58773F700284BE1372773FFD
:101D0000224083BEC58B773FC07D82BE51A5773F01
:101D10004ABB81BEB7BE773FC0F880BEF7D7773FDA
:101D2000223680BE10F1773FE1E67EBE040A783F9E
:101D300056617DBED122783FA4DB7BBE773B783FE6
:101D4000CB557ABEF853783FCCCF78BE526C783FF3
:101D5000A64977BE8684783F5AC375BE939C783F68
:101D6000E83C74BE7BB4783F51B672BE3BCC783F42
:101D7000942F71BED6E3783FB2A86FBE4AFB783F7E
:101D8000AB216EBE9812793F7F9A6CBEBF29793F16
:101D90002F136BBEC040793FBA8B69BE9A57793F0B
:101DA000220468BE4E6E793F667C66BEDC84793F55
:101DB00086F464BE439B793F836C63BE83B1793FF5
:101DC0005CE461BE9DC7793F135C60BE91DD793FE5
:101DD000A8D35EBE5EF3793F1A4B5DBE04097A3F1D
:101DE0006AC25BBE841E7A3F97395ABEDD337A3FA2
:101DF000A4B058BE10497A3F8F2757BE1C5E7A3F69
:101E0000589E55BE02737A3F011554BEC1877A3F72
:101E1000898B52BE599C7A3FF10151BECBB07A3FBB
:101E200038784FBE16C57A3F60EE4DBE3AD97A3F3C
:101E300067644CBE37ED7A3F4FDA4ABE0E017B3FF6
:101E4000185049BEBE147B3FC2C547BE48287B3FE1
:101E50004D3B46BEAB3B7B3FB9B044BEE74E7B3FFC
:101E6000072643BEFC617B3F379B41BEEA747B3F44
:101E7000491040BEB2877B3F3E853EBE539A7B3FB2
:101E800015FA3CBECDAC7B3FCF6E3BBE20BF7B3F47
:101E90006CE339BE4DD17B3FEC5738BE53E37B3FFB
:101EA00050CC36BE31F57B3F984035BEE9067C3FCD
:101EB000C4B433BE7A187C3FD42832BEE5297C3FB7
:101EC000C99C30BE283B7C3FA2102FBE444C7C3FB7
:101ED00061842DBE3A5D7C3F04F82BBE086E7C3FCA
:101EE0008D6B2ABEB07E7C3FFCDE28BE318F7C3FEE
:101EF000515227BE8A9F7C3F8CC525BEBDAF7C3F1B
:101F0000AD3824BEC9BF7C3FB6AB22BEAECF7C3F4E
:101F1000A51E21BE6CDF7C3F7B911FBE03EF7C3F83
:101F200038041EBE73FE7C3FDE761CBEBC0D7D3FBA
:101F30006BE91ABEDD1C7D3FE05B19BED82B7D3FEF
:101F40003DCE17BEAC3A7D3F834016BE59497D3F1A
:101F5000B2B214BEDE577D3FCA2413BE3D667D3F3C
:101F6000CC9611BE74747D3FB70810BE85827D3F4C
:101F70008B7A0EBE6E907D3F4AEC0CBE309E7D3F4C
:101F8000F35D0BBECCAB7D3F86CF09BE40B97D3F34
:101F9000054108BE8CC67D3F6EB206BEB2D37D3F02
:101FA000C22305BEB1E07D3F029503BE88ED7D3FB3
:101FB0002E0602BE38FA7D3F457700BEC2067E3F40
:101FC00092D0FDBD24137E3F73B2FABD5E1F7E3FEB
:101FD0002C94F7BD722B7E3FC075F4BD5E377E3FFB
:101FE0002E57F1BD23437E3F7638EEBDC14E7E3F76
:101FF0009A19EBBD385A7E3F9AFAE7BD88657E3F55
:1020000076DBE4BDB0707E3F2EBCE1BDB17B7E3F90
:10201000C49CDEBD8B867E3F377DDBBD3D917E3F20
:10202000895DD8BDC99B7E3FB93DD5BD2DA67E3FFC
:10203000C81DD2BD69B07E3FB7FDCEBD7FBA7E3F21
:1020400086DDCBBD6DC47E3F36BDC8BD34CE7E3F80
:10205000C69CC5BDD4D77E3F397CC2BD4CE17E3F16
:102060008D5BBFBD9DEA7E3FC33ABCBDC7F37E3FDB
:10207000DD19B9BDC9FC7E3FDAF8B5BDA4057F3FC7
:10208000BBD7B2BD580E7F3F80B6AFBDE4167F3FD1
:102090002B95ACBD491F7F3FBA73A9BD87277F3FF2
:1020A0003052A6BD9D2F7F3F8C30A3BD8D377F3F23
:1020B000CF0EA0BD543F7F3FF9EC9CBDF4467F3F5F
:1020C0000ACB99BD6D4E7F3F05A996BDBF557F3F99
:1020D000E78693BDE95C7F3FB46490BDEC637F3FCE
:1020E0006A428DBDC76A7F3F0A208ABD7B717F3FF0
:1020F00094FD86BD08787F3F0ADB83BD6D7E7F3F00
:102100006CB880BDAB847F3F742B7BBDC28A7F3FA0
:10211000E9E574BDB1907F3F38A06EBD78967F3FF2
:10212000625A68BD189C7F3F681462BD91A17F3FD1
:102130004CCE5BBDE3A67F3F0E8855BD0DAC7F3F07
:10214000AF414FBD0FB17F3F2FFB48BDEAB57F3F89
:1021500091B442BD9EBA7F3FD56D3CBD2ABF7F3F43
:10216000FC2636BD8FC37F3F07E02FBDCCC77F3F26
:10217000F69829BDE2CB7F3FCC5123BDD1CF7F3F25
:10218000880A1DBD98D37F3F2CC316BD37D77F3F2C
:10219000B87B10BDAFDA7F3F2F340ABD00DE7F3F32
:1021A00090EC03BD29E17F3FB949FBBC2BE47F3FA5
:1021B0002DBAEEBC05E77F3F7B2AE2BCB8E97F3F42
:1021C000A69AD5BC43EC7F3FB00AC9BCA7EE7F3FBF
:1021D0009B7ABCBCE3F07F3F69EAAFBCF8F27F3F7B
:1021E0001C5AA3BCE6F47F3FB6C996BCACF67F3F51
:1021F00038398ABC4AF87F3F4B517BBCC1F97F3FDD
:10220000003062BC11FB7F3F900E49BC39FC7F3F20
:1022100002ED2FBC39FD7F3F59CB16BC13FE7F3F2B
:102220003053FBBBC4FE7F3F890FC9BB4EFF7F3FCE
:10223000C1CB96BBB1FF7F3FC70F49BBECFF7F3FD0
:10224000D40FC9BA6422010800000020D8000000A1
:10225000C40100083C230108D8000020182A01000E
:10226000E001000800000000000000000000000085
:1022700000000000CF20000064000000000000000B
:10228000000000000000000000000000000000004E
:10229000000000000000000000000000000000003E
:1022A000A08601000AD7A33B000000000000000048
:1022B000000000000000000000000000000000001E
:1022C000000000000000000000000000000000000E
:1022D0000100000010000000000000000024F400D5
:1022E00000000000000000000000000000000000EE
:1022F00000000000000000000000000000000000DE
:1023000000000000000000000000000000000000CD
:1023100000000000000000000000000000000000BD
:1023200000000000000000000000000000000000AD
:0C233000000000000000000000000000A1
:040000050800018965
:00000001FF
